owner	method	mangled	evidence	source	note
IVP_Contact_Situation	*		layout-retail	docs/zh-CN/ivp-retail-differences.md	Building Block callback RVA 0x42B0, Contact Point material fill RVA 0x24040 and retained material-manager readers prove the 0x58 payload and every public field offset through materials at +0x50.
IVP_Contact_Point_API	*		layout-not-applicable	include/BML/IVP/Listeners.h	This is a stateless source-facing accessor namespace encoded as a class; no instance crosses the DLL boundary and its sizeof is not an engine ABI contract.
IVP_Event_Object	*		layout-retail	docs/zh-CN/ivp-retail-differences.md	Real Object destruction RVA 0x9830 and Core freeze/revive RVAs 0xAF90/0xAEA0 write environment at +0x00 and real_object at +0x04 before retained dispatch.
IVP_Event_Collision	*		layout-retail	docs/zh-CN/ivp-retail-differences.md	Retained caller RVA 0x23CD0 constructs the 0x0C payload as float elapsed time at +0x00, environment at +0x04 and contact situation at +0x08.
IVP_Event_Friction	*		layout-retail	docs/zh-CN/ivp-retail-differences.md	Retained friction creation/deletion paths RVA 0x22180/0x1C230 construct the 0x0C payload with environment, contact situation and friction handle at +0x00/+0x04/+0x08.
IVP_Event_PSI	*		layout-retail	docs/zh-CN/ivp-retail-differences.md	Environment::fire_event_PSI RVA 0x13C40 constructs exactly one environment pointer before invoking PSI listener slot 0.
IVP_Event_Sim	*		layout-retail	docs/zh-CN/ivp-retail-differences.md	Retained controller and event code prove the 0x18 payload: binary64 delta/inverse delta at +0x00/+0x08 and environment/simulation-unit pointers at +0x10/+0x14.
IVP_Collision	*		layout-retail	docs/zh-CN/ivp-retail-differences.md	Mindist Base constructor RVA 0x160E0 writes the delegator at +0x08 and both FVector indices at +0x0C/+0x10 after the IVP_Time_Event prefix, proving the complete 0x14 collision layout.
IVP_Collision	IVP_Collision		host-test	tests/IvpRetailContactLifecycleTest.cpp	Three concrete collision events begin with a null delegator and both fast-vector memberships set to -1 before entering exact-DLL growth.
IVP_Collision	get_fvector_index		host-test	tests/IvpRetailContactLifecycleTest.cpp	Collision membership lookup selects the active or delegated reverse index correctly through compaction and swapping.
IVP_Collision	set_fvector_index		host-test	tests/IvpRetailContactLifecycleTest.cpp	Fast-vector add, tail replacement, removal and swap update only the matching collision index while preserving the other collection backlink.
IVP_U_Set	*		layout-retail	docs/zh-CN/ivp-retail-differences.md	The template adds no storage beyond the retail-confirmed 0x10 IVP_VHash. Phantom constructor RVA 0x10D00 starts the following Active-Set listener vector at +0x10, confirming the base-set boundary.
IVP_U_Set	IVP_U_Set		host-test	tests/IvpRetailContactLifecycleTest.cpp	A four-slot Core identity set is constructed over the exact mandatory-DLL VHash storage and ownership path.
IVP_U_Set	add_element		host-test	tests/IvpRetailContactLifecycleTest.cpp	A Core identity is inserted through the retained VHash add implementation.
IVP_U_Set	find_element		host-test	tests/IvpRetailContactLifecycleTest.cpp	Exact retained lookup distinguishes present, removed and surviving Core identities.
IVP_U_Set	install_element		host-test	tests/IvpRetailContactLifecycleTest.cpp	Installing an existing Core remains idempotent while a second identity is added exactly once.
IVP_U_Set	n_elems		host-test	tests/IvpRetailContactLifecycleTest.cpp	The packed retail VHash count reports two unique identities and one after removal.
IVP_U_Set	remove_element		host-test	tests/IvpRetailContactLifecycleTest.cpp	Removing one Core through the retained collision-safe hash deletion preserves lookup of the other identity.
IVP_U_Set_Active	*		layout-retail	docs/zh-CN/ivp-retail-differences.md	Phantom constructor RVA 0x10D00 allocates 0x18-byte Active Sets, constructs IVP_VHash at +0x00 and the listener IVP_U_Vector at +0x10, proving the complete layout.
IVP_U_Set_Active	IVP_U_Set_Active		host-test	tests/IvpRetailContactLifecycleTest.cpp	A forcefield-style active Core set constructs the exact retail VHash prefix and its listener vector.
IVP_U_Set_Active	add_listener_set_active		host-test	tests/IvpRetailContactLifecycleTest.cpp	A listener is registered in the +0x10 vector before membership changes.
IVP_U_Set_Active	add_element		host-test	tests/IvpRetailContactLifecycleTest.cpp	Core insertion through the exact VHash emits one ordered added notification.
IVP_U_Set_Active	install_element		host-test	tests/IvpRetailContactLifecycleTest.cpp	Duplicate installation emits no notification, while a new Core produces exactly one.
IVP_U_Set_Active	remove_element		host-test	tests/IvpRetailContactLifecycleTest.cpp	Removing a Core updates retained hash membership before emitting the removal callback.
IVP_U_Set_Active	~IVP_U_Set_Active		host-test	tests/IvpRetailContactLifecycleTest.cpp	Scope destruction notifies the still-live listener once before the exact retail VHash prefix is released.
IVP_U_FVector	*		layout-retail	docs/zh-CN/ivp-retail-differences.md	The fast-vector template adds no storage beyond the retail-confirmed 0x08 IVP_U_Vector_Base; its growth enters retained RVA 0xB600 with the same this pointer.
IVP_U_FVector	IVP_U_FVector		host-test	tests/IvpRetailContactLifecycleTest.cpp	Two one-slot friction/mindist membership vectors are constructed through the retail allocator and independently grown.
IVP_U_FVector	add		host-test	tests/IvpRetailContactLifecycleTest.cpp	Collision-style entries join two simultaneous vectors and populate separate reverse-index slots while one list grows 1 to 3 through the exact DLL.
IVP_U_FVector	index_of		host-test	tests/IvpRetailContactLifecycleTest.cpp	Lookup selects the reverse index belonging to the queried vector before and after compaction and reordering.
IVP_U_FVector	remove_allow_resort		host-test	tests/IvpRetailContactLifecycleTest.cpp	Removing the middle active mindist moves the tail entry, repairs its reverse index, clears only the removed membership and preserves the second-vector membership.
IVP_U_FVector	swap_elems		host-test	tests/IvpRetailContactLifecycleTest.cpp	Reordering the delegated list swaps identities and repairs the correct second reverse-index slot for both entries.
IVP_U_FVector	element_at		host-test	tests/IvpRetailContactLifecycleTest.cpp	Element access verifies the exact identities occupying compacted and swapped collision-list positions.
IVP_U_FVector	len		host-test	tests/IvpRetailContactLifecycleTest.cpp	The 16-bit count decreases from three to two after fast unordered removal.
IVP_U_BigVector	*		layout-retail	docs/zh-CN/ivp-retail-differences.md	The template adds no storage beyond the confirmed 0x0C IVP_U_BigVector_Base; retained RVA 0x21A50 treats this +0x0C as the immediate inline-storage boundary.
IVP_U_BigVector	IVP_U_BigVector		host-test	tests/IvpRetailContactLifecycleTest.cpp	A one-slot broadphase-style ledge list is constructed through the retail allocator before exact-DLL growth.
IVP_U_BigVector	add		host-test	tests/IvpRetailContactLifecycleTest.cpp	Three distinct ledge identities receive stable consecutive indices while the retained growth body expands capacity 1 to 3.
IVP_U_BigVector	len		host-test	tests/IvpRetailContactLifecycleTest.cpp	The public length observes the confirmed 32-bit element count after broadphase-style growth.
IVP_U_BigVector	element_at		host-test	tests/IvpRetailContactLifecycleTest.cpp	All ledge identities remain ordered and address-stable after the exact mandatory-DLL realloc/copy path.
IVP_U_Vector_Base	*		layout-retail	docs/zh-CN/ivp-retail-differences.md	Retained growth RVA 0xB600 reads uint16 capacity/count at +0x00/+0x02, the pointer at +0x04 and compares it with inline storage at this +0x08, proving the complete 0x08 base header.
IVP_U_Vector_Base	increment_mem	?increment_mem@IVP_U_Vector_Base@@QAEXXZ	host-test	tests/IvpRetailContactLifecycleTest.cpp	The exact mandatory-DLL growth body expands a one-slot Core-style object list to three slots, preserves all three identities and pairs allocation ownership with destruction.
IVP_U_Vector	*		layout-retail	docs/zh-CN/ivp-retail-differences.md	The template adds no storage beyond its confirmed IVP_U_Vector_Base; retained RVA 0xB600 treats this +0x08 as the immediate inline-storage boundary, fixing instantiated vector size at 0x08.
IVP_U_Vector	IVP_U_Vector		host-test	tests/IvpRetailContactLifecycleTest.cpp	A one-slot object-neighborhood vector is created through the retail allocator before exact-DLL growth; a second list is constructed directly by anonymous retail RVA 0x24C20 and used through the same public operations.
IVP_U_Vector	IVP_U_Vector		retail-inline-body	docs/zh-CN/ivp-retail-differences.md	Anonymous shared RVA 0x24C20 is the compiler-emitted allocated constructor for compact 16-bit IVP_U_Vector instantiations; Phantom and Impact Solver callers prove the template context and retail allocator ownership.
IVP_U_Vector	clear		host-test	tests/IvpRetailContactLifecycleTest.cpp	Clearing a two-Core inline vector preserves its this+1 storage pointer and capacity, then accepts another Core without crossing into the retail allocator.
IVP_U_Vector	add		host-test	tests/IvpRetailContactLifecycleTest.cpp	Three distinct object identities are appended in Core/listener-list style and receive stable consecutive indices across retail growth.
IVP_U_Vector	len		host-test	tests/IvpRetailContactLifecycleTest.cpp	The public length observes the retained growth body's 16-bit count as three after the neighborhood expansion.
IVP_U_Vector	element_at		host-test	tests/IvpRetailContactLifecycleTest.cpp	All three object identities remain address-stable and ordered after the exact mandatory-DLL realloc/copy path.
IVP_Time	*		layout-retail	docs/zh-CN/ivp-retail-differences.md	Environment setter RVA 0x138F0 reads two stack dwords, stores them at current_time +0x00/+0x04 and returns with RET 8; Friction reset RVA 0x1CBC0 forwards the same 8-byte by-value representation.
IVP_Time	IVP_Time	??0IVP_Time@@QAE@N@Z	host-test	tests/IvpRetailContactLifecycleTest.cpp	A nontrivial contact timestamp constructed in the Mod crosses the exact mandatory-DLL by-value setter without truncation or word reversal.
IVP_Time	get_time	?get_time@IVP_Time@@QBENXZ	host-test	tests/IvpRetailContactLifecycleTest.cpp	The getter recovers the exact nontrivial timestamp after the retail setter stores both halves in the environment clock.
IVP_Application_Environment	IVP_Application_Environment	??0IVP_Application_Environment@@QAE@XZ	host-test	tests/IvpRetailContactLifecycleTest.cpp	Exact construction receives 0xA5 poison storage, clears the complete 0x30 object, sets the Ballance default object-cache count to 256 and leaves every optional application manager pointer null.
IVP_Environment	set_delta_PSI_time	?set_delta_PSI_time@IVP_Environment@@QAEXN@Z	host-test	tests/IvpRetailContactLifecycleTest.cpp	The exact setter preserves the 8-byte fixed step at environment +0xC0 and stores its double reciprocal at +0xC8.
IVP_Environment	set_gravity	?set_gravity@IVP_Environment@@QAEXPAVIVP_U_Point@@@Z	host-test	tests/IvpRetailContactLifecycleTest.cpp	A non-axis-aligned gravity vector is copied as doubles, reduced to a float scalar magnitude and forwarded as floats to the standard gravity controller.
IVP_Environment	get_delta_PSI_time	?get_delta_PSI_time@IVP_Environment@@QAEMXZ	host-test	tests/IvpRetailContactLifecycleTest.cpp	After the retained setter stores an 8-byte PSI interval, the public getter returns its Ballance IVP_FLOAT projection.
IVP_Environment	get_inv_delta_PSI_time	?get_inv_delta_PSI_time@IVP_Environment@@QAEMXZ	host-test	tests/IvpRetailContactLifecycleTest.cpp	The public getter exposes the float projection of the reciprocal double maintained by the retained fixed-step setter.
IVP_Environment	get_gravity	?get_gravity@IVP_Environment@@QAEPBVIVP_U_Point@@XZ	host-test	tests/IvpRetailContactLifecycleTest.cpp	The getter returns the embedded Ballance environment gravity vector updated by the retained DLL setter.
IVP_Environment	get_gravity_controller	?get_gravity_controller@IVP_Environment@@QAEPAVIVP_Standard_Gravity_Controller@@XZ	host-test	tests/IvpRetailContactLifecycleTest.cpp	The getter returns the standard controller that receives the retained DLL gravity setter's float-vector update.
IVP_Environment	set_global_collision_tolerance	?set_global_collision_tolerance@IVP_Environment@@SAXNN@Z	host-test	tests/IvpRetailContactLifecycleTest.cpp	The public two-argument compatibility wrapper drives Ballance's retained one-double Mindist Settings body; changing gravityLength alone leaves the threshold unchanged.
IVP_Environment	get_global_collision_tolerance	?get_global_collision_tolerance@IVP_Environment@@SAMXZ	host-test	tests/IvpRetailContactLifecycleTest.cpp	The getter reads min_coll_dists at the retail global settings object and reproduces each non-default tolerance written through the exact DLL body.
IVP_Environment	add_listener_object_global	?add_listener_object_global@IVP_Environment@@QAEXPAVIVP_Listener_Object@@@Z	host-test	tests/IvpRetailContactLifecycleTest.cpp	The retained DLL entry appends two global object listeners to the retail-confirmed Environment vector in registration order.
IVP_Environment	install_listener_object_global	?install_listener_object_global@IVP_Environment@@QAEXPAVIVP_Listener_Object@@@Z	host-test	tests/IvpRetailContactLifecycleTest.cpp	Installing an already registered global object listener leaves one entry, distinguishing unique install from the append operation.
IVP_Environment	remove_listener_object_global	?remove_listener_object_global@IVP_Environment@@QAEXPAVIVP_Listener_Object@@@Z	host-test	tests/IvpRetailContactLifecycleTest.cpp	A listener removes itself during retail revived dispatch and remains absent from the following deleted event; the final peer is then removed explicitly.
IVP_Environment	fire_event_object_created	?fire_event_object_created@IVP_Environment@@QAEXPAVIVP_Event_Object@@@Z	host-test	tests/IvpRetailContactLifecycleTest.cpp	Exact retained dispatcher RVA 0x13AC0 passes the original event to object-created callbacks newest-first over the Ballance Environment listener vector.
IVP_Environment	fire_event_object_frozen	?fire_event_object_frozen@IVP_Environment@@QAEXPAVIVP_Event_Object@@@Z	host-test	tests/IvpRetailContactLifecycleTest.cpp	Exact retained dispatcher RVA 0x13B20 preserves newest-first object-frozen callback ordering and listener identity before lifecycle mutation.
IVP_Environment	fire_event_object_revived	?fire_event_object_revived@IVP_Environment@@QAEXPAVIVP_Event_Object@@@Z	host-test	tests/IvpRetailContactLifecycleTest.cpp	Exact retained dispatcher RVA 0x13B50 tolerates the newest listener removing itself and still invokes the older listener in the same revived event; RVA 0x13650 is a different collision-root dispatcher.
IVP_Environment	fire_event_object_deleted	?fire_event_object_deleted@IVP_Environment@@QAEXPAVIVP_Event_Object@@@Z	host-test	tests/IvpRetailContactLifecycleTest.cpp	After self-removal during exact revived dispatch, retained deleted dispatcher RVA 0x13AF0 reaches only the listener that remains registered.
IVP_Environment	fire_object_is_removed_from_collision_detection	?fire_object_is_removed_from_collision_detection@IVP_Environment@@QAEXPAVIVP_Real_Object@@@Z	host-test	tests/IvpRetailContactLifecycleTest.cpp	The corrected exact DLL entry traverses collision_delegator_roots at Environment +0x158 newest-first and invokes root slot 2 with the original object.
IVP_Collision_Delegator	*		retail-vtable-variant	docs/zh-CN/ivp-retail-differences.md	Ballance's retained root dispatch places object removal at slot 2, proving the base has only collision deletion and destructor slots.
IVP_Collision_Delegator	change_spawned_mindist_count	?change_spawned_mindist_count@IVP_Collision_Delegator@@UAEXH@Z	retail-virtual-variant	docs/zh-CN/ivp-retail-differences.md	The neighboring revision adds this bookkeeping hook virtually, but Ballance's slot-2 root object-removal call leaves no base slot for it; the compatibility default is non-virtual.
IVP_Collision_Delegator	get_spawned_mindist_count	?get_spawned_mindist_count@IVP_Collision_Delegator@@UAEHXZ	retail-virtual-variant	docs/zh-CN/ivp-retail-differences.md	The neighboring virtual query postdates Ballance's two-slot base; it remains a non-virtual source-compatible default so root slot 2 keeps its retail meaning.
IVP_Real_Object	get_cache_object		retail-inline-body	docs/zh-CN/ivp-retail-differences.md	Anonymous retail RVA 0x1A190 is the compiler-emitted shared body of this public inline accessor: it creates a missing cache, increments +0x04 before any refresh, conditionally calls RVA 0x18A40, and returns object +0x40.
IVP_Real_Object	get_cache_object		host-test	tests/IvpRetailContactLifecycleTest.cpp	A Ballance collision/raycast cache-ring scenario uses the reconstructed locking accessor to pin an object cache, verifies that retail allocation skips it, and compares the same identity/reference transition with exact anonymous RVA 0x1A190.
IVP_Real_Object	get_cache_object_no_lock		retail-inline-body	docs/zh-CN/ivp-retail-differences.md	Retained Ray Solver Object constructor RVA 0x22030 inlines the no-lock cache acquisition and time-code refresh sequence without modifying IVP_Cache_Object +0x04.
IVP_Real_Object	get_cache_object_no_lock		host-test	tests/IvpRetailContactLifecycleTest.cpp	The ray-query form returns the existing cache without increasing its reference count, after which the locking form pins it and protects it from retail ring eviction.
IVP_Cache_Object_Manager	cache_object_at	?cache_object_at@IVP_Cache_Object_Manager@@QAEPAVIVP_Cache_Object@@H@Z	host-test	tests/IvpRetailContactLifecycleTest.cpp	The reconstructed inline accessor advances through the exact manager allocation at the retail-confirmed 0xD0 cache-object stride.
IVP_Cache_Object_Manager	get_cache_object	?get_cache_object@IVP_Cache_Object_Manager@@QAEPAVIVP_Cache_Object@@PAVIVP_Real_Object@@@Z	host-test	tests/IvpRetailContactLifecycleTest.cpp	A full two-entry ring skips a referenced cache, evicts the free entry, clears its old Real Object backlink and installs the replacement identity.
IVP_Cache_Object_Manager	invalid_cache_object	?invalid_cache_object@IVP_Cache_Object_Manager@@SAXPAVIVP_Real_Object@@@Z	host-test	tests/IvpRetailContactLifecycleTest.cpp	Exact static invalidation clears both the Real Object +0x40 backlink and cache +0x08 owner while preserving the outstanding reference count.
IVP_Inline_Math	*		layout-not-applicable	docs/zh-CN/ivp-retail-differences.md	This is a static utility namespace expressed as a class: all public methods are static, including retained isqrt_float/isqrt_double, so no instance or this-pointer layout exists to classify.
IVP_Controller_Manager	*		layout-retail	docs/zh-CN/ivp-retail-differences.md	Environment RVA 0x12A60 allocates exactly 4 bytes, inlines the constructor's sole environment-pointer write and stores the result at environment +0xA0; announce RVA 0x11B30 later reads that +0x00 backlink.
IVP_Freeze_Manager	*		layout-retail	docs/zh-CN/ivp-retail-differences.md	Constructor RVA 0x12A40 delegates to RVA 0x12A50, whose sole +0x00 float write proves the 0x04 layout; Environment RVA 0x12A60 constructs it at +0x98 and next accesses +0x9C.
IVP_Freeze_Manager	IVP_Freeze_Manager	??0IVP_Freeze_Manager@@QAE@XZ	host-test	tests/IvpRetailContactLifecycleTest.cpp	The exact mandatory-DLL constructor establishes Ballance's 0.3-second freeze-check cadence.
IVP_Freeze_Manager	init_freeze_manager	?init_freeze_manager@IVP_Freeze_Manager@@QAEXXZ	host-test	tests/IvpRetailContactLifecycleTest.cpp	After a simulated runtime change, the exact retained initializer restores the 0.3-second freeze-check cadence.
IVP_Statistic_Manager	*		layout-retail	docs/zh-CN/ivp-retail-differences.md	Constructor RVA 0x15E50 clears 0x18 dwords, proving size 0x60; Environment RVA 0x12A60 constructs it at +0x38 and the adjacent Freeze manager at +0x98.
IVP_Statistic_Manager	IVP_Statistic_Manager	??0IVP_Statistic_Manager@@QAE@XZ	host-test	tests/IvpRetailContactLifecycleTest.cpp	The exact mandatory-DLL constructor zeroes every byte of the complete 0x60 statistics window used by a Ballance environment.
IVP_Statistic_Manager	clear_statistic	?clear_statistic@IVP_Statistic_Manager@@QAEXXZ	host-test	tests/IvpRetailContactLifecycleTest.cpp	A reporting-window reset clears impact and collision interval counters while preserving lifetime energy, mindist and global-fmindist totals.
IVP_Actuator_Two_Point	IVP_Actuator_Two_Point	??0IVP_Actuator_Two_Point@@QAE@PAVIVP_Environment@@PAVIVP_Template_Two_Point@@W4IVP_ACTUATOR_TYPE@@@Z	retail-constructor-reconstruction	docs/zh-CN/ivp-retail-differences.md	The public constructor enters retained complete RVA 0x14020 from storage-only Actuator and anchor-array state. That body owns the nested 0x13F60 base/vector construction and both 0x30-byte anchor lifetimes; the resolver-free fallback reproduces the same chain once.
IVP_Constraint_Local_Anchor	IVP_Constraint_Local_Anchor	??0IVP_Constraint_Local_Anchor@@QAE@XZ	retail-constructor-reconstruction	docs/zh-CN/ivp-retail-differences.md	Direct Local Anchor construction enters retained RVA 0x28210, which writes only null to rot at +0x84 and deliberately preserves object at +0x80. Enclosing Local construction holds anchors in union storage and lets RVA 0x28270 call this body itself.
IVP_U_Active_Float	~IVP_U_Active_Float		retail-destructor-reconstruction	docs/zh-CN/ivp-retail-differences.md	Retained RVA 0x15CB0 folds to 0x15B00, which restores the Float vptr, destroys the dependency vector at +0x0C and enters exact Active Value destructor RVA 0x159D0. The wrapper destroys its union-held vector layer and then lets C++ enter that exact base once.
IVP_U_Active_Int	~IVP_U_Active_Int		retail-destructor-reconstruction	docs/zh-CN/ivp-retail-differences.md	Retained RVA 0x15D20 folds to 0x15B40, which restores the Int vptr, destroys the dependency vector at +0x0C and enters exact Active Value destructor RVA 0x159D0. The wrapper destroys its union-held vector layer and then lets C++ enter that exact base once.
IVP_U_Active_Value	IVP_U_Active_Value	??0IVP_U_Active_Value@@QAE@PBD@Z	retail-constructor-reconstruction	docs/zh-CN/ivp-retail-differences.md	Direct Active Value construction enters retained RVA 0x15980. Derived complete constructors receive storage-only base state and invoke the same body internally, while the resolver-free fallback reproduces its string allocation and zero reference count.
IVP_U_Active_Float	IVP_U_Active_Float	??0IVP_U_Active_Float@@QAE@PBD@Z	retail-constructor-reconstruction	docs/zh-CN/ivp-retail-differences.md	Direct Float construction enters retained RVA 0x15A00 from storage-only Active Value state; the resolver-free fallback explicitly reconstructs the same name, dependency-vector and value fields once.
IVP_U_Active_Int	IVP_U_Active_Int	??0IVP_U_Active_Int@@QAE@PBD@Z	retail-constructor-reconstruction	docs/zh-CN/ivp-retail-differences.md	Direct Int construction enters retained RVA 0x15A80 from storage-only Active Value state; the resolver-free fallback explicitly reconstructs the same name, dependency-vector and value fields once.
IVP_U_Active_Terminal_Double	IVP_U_Active_Terminal_Double	??0IVP_U_Active_Terminal_Double@@QAE@PBDN@Z	retail-constructor-reconstruction	docs/zh-CN/ivp-retail-differences.md	The public terminal constructor now enters retained complete RVA 0x15C50 from storage-only Float state; that body owns its nested 0x15A00 base construction and current/old double initialization.
IVP_U_Active_Terminal_Int	IVP_U_Active_Terminal_Int	??0IVP_U_Active_Terminal_Int@@QAE@PBDH@Z	retail-constructor-reconstruction	docs/zh-CN/ivp-retail-differences.md	The public terminal constructor now enters retained complete RVA 0x15CC0 from storage-only Int state; that body owns its nested 0x15A80 base construction and current/old int initialization.
IVP_U_Active_Value	*		layout-retail	docs/zh-CN/ivp-retail-differences.md	RVA 0x15980 establishes the primary vptr at +0x00, allocated name pointer at +0x04 and reference count at +0x08, giving the 0x0C base boundary.
IVP_Constraint_Local_Anchor	*		layout-retail	docs/zh-CN/ivp-retail-differences.md	RVA 0x28210 writes rot at +0x84, while the retained IVP_Constraint_Local constructor invokes embedded anchors at +0x70/+0xF8 and later assigns their object fields at parent +0xF0/+0x178. Together with the retail-confirmed 0x80 IVP_U_Matrix base, this establishes object +0x80, rot +0x84 and size 0x88.
IVP_U_BigVector_Base	*		layout-retail	docs/zh-CN/ivp-retail-differences.md	RVA 0x21A50 reads and writes memsize at +0x00, n_elems at +0x04 and elems at +0x08, compares elems with inline storage at this+0x0C, and therefore establishes the 0x0C base prefix.
IVP_U_BigVector_Base	increment_mem		host-test	tests/IvpRetailContactLifecycleTest.cpp	The exact Ballance DLL grows a one-entry broadphase-style pointer list to three entries, preserves all existing identities and releases the retail allocation through the matching allocator.
IVP_Synapse	*		layout-retail	docs/zh-CN/ivp-retail-differences.md	RVA 0x16610 writes l_obj at +0x10 and the signed mindist back-offset at +0x18; RVA 0x16470 reads edge at +0x14. Retained two-synapse callsites use this+0x18/this+0x34, proving the complete 0x1C stride with the Listener Hull +0x00..+0x07 and links at +0x08/+0x0C.
IVP_Synapse	init_synapse_real		host-test	tests/IvpRetailContactLifecycleTest.cpp	The exact Ballance DLL stores a nearby mindist as a signed 16-bit back-offset and an object backlink while preserving list links, edge identity and polygon status.
IVP_VHash	*		layout-retail	docs/zh-CN/ivp-retail-differences.md	RVA 0x1DB30 writes the vptr at +0x00, size mask at +0x04, packed 24-bit count/8-bit dont_free word at +0x08 and element table at +0x0C. The retained destructor, rehash, add, remove and find bodies use the same 0x10 boundary.
IVP_VHash	add_elem		host-test	tests/IvpRetailContactLifecycleTest.cpp	The exact DLL inserts three colliding object identities and triggers the retained 4-to-8 rehash while preserving the owner-supplied equality vtable call.
IVP_VHash	find_elem		host-test	tests/IvpRetailContactLifecycleTest.cpp	The exact DLL resolves all three identities in one collision chain and still resolves displaced survivors after middle-element deletion.
IVP_VHash	remove_elem		host-test	tests/IvpRetailContactLifecycleTest.cpp	The exact DLL removes the selected middle identity, decrements the packed element count and repairs the open-addressing probe chain.
IVP_U_Active_Float	*		layout-retail	docs/zh-CN/ivp-retail-differences.md	RVA 0x15A00 and the retained terminal-double bodies establish the listener vector at +0x0C, manager at +0x14, last_update at +0x18 and binary64 double_value at +0x20 in the 0x28 base.
IVP_U_Active_Int	*		layout-retail	docs/zh-CN/ivp-retail-differences.md	RVA 0x15A80 and the retained terminal-int bodies establish the listener vector at +0x0C, manager at +0x14, last_update at +0x18 and int_value at +0x1C in the 0x20 base.
IVP_U_Active_Float	add_dependency	?add_dependency@IVP_U_Active_Float@@QAEXPAVIVP_U_Active_Float_Listener@@@Z	retail-inline-body	physics_RT.dll RVA 0x15BA0	The anonymous body called four times by the retained Spring Active constructor appends the listener through the compact vector at +0x0C and then increments the owner reference count at +0x08.
IVP_U_Active_Float	remove_dependency	?remove_dependency@IVP_U_Active_Float@@QAEXPAVIVP_U_Active_Float_Listener@@@Z	retail-inline-body	physics_RT.dll RVA 0x15BE0	The anonymous body called four times by the retained Spring Active destructor removes the registered listener, decrements reference_count and enters deleting slot 0 when the last reference is released.
IVP_U_Active_Float	add_dependency	?add_dependency@IVP_U_Active_Float@@QAEXPAVIVP_U_Active_Float_Listener@@@Z	host-test	tests/IvpRetailContactLifecycleTest.cpp	The reconstructed public operation and anonymous retail RVA 0x15BA0 independently attach listeners to live terminal values, raise the owner reference count and deliver the next actuator-parameter update through the listener vtable.
IVP_U_Active_Float	remove_dependency	?remove_dependency@IVP_U_Active_Float@@QAEXPAVIVP_U_Active_Float_Listener@@@Z	host-test	tests/IvpRetailContactLifecycleTest.cpp	The reconstructed public operation and anonymous retail RVA 0x15BE0 independently detach registered listeners, restore the owner reference count and suppress later actuator-parameter notifications.
IVP_Core	calc_virt_mass_worst_case	?calc_virt_mass_worst_case@IVP_Core@@QBENPBVIVP_U_Float_Point@@@Z	retail-body-variant	physics_RT.dll RVA 0xC200	Three calls from retained contact virtual-mass refresh, the Core +0x34..+0x40 reads, RET 4 and x87 result identify the anonymous public body. Ballance always adds inv_mass and omits the nearby source's pinned branch.
IVP_Core	calc_virt_mass_worst_case	?calc_virt_mass_worst_case@IVP_Core@@QBENPBVIVP_U_Float_Point@@@Z	host-test	tests/IvpRetailContactLifecycleTest.cpp	An exact-DLL contact arm with unequal inverse inertia axes verifies the maximum rotational term, inverse mass term and binary64 x87 return used when refreshing a Ballance contact.
IVP_U_Active_Terminal_Double	*		layout-retail	docs/zh-CN/ivp-retail-differences.md	RVA 0x15C50 installs the delayed secondary base at +0x28 and old_value at +0x30. RVA 0x15D30 receives that adjusted +0x28 pointer, accesses current/old at -0x08/+0x08 and subtracts 0x28 before listener dispatch, confirming the complete 0x38 layout.
IVP_U_Active_Terminal_Int	*		layout-retail	docs/zh-CN/ivp-retail-differences.md	RVA 0x15CC0 installs the delayed secondary base at +0x20 and old_value at +0x24. RVA 0x15D60 receives that adjusted +0x20 pointer, accesses current/old at -0x04/+0x04 and subtracts 0x20 before listener dispatch, confirming the complete 0x28 layout.
IVP_Controller	*		layout-retail	docs/zh-CN/ivp-retail-differences.md	The seven-slot base vtable is retained, and the IVP_Actuator constructor starts its first member at offset 0x04, confirming the vptr-only 0x04 base layout.
IVP_Actuator	*		layout-retail	docs/zh-CN/ivp-retail-differences.md	RVA 0x13F60 initializes the controlled-core vector at 0x04/0x06/0x08, while RVA 0x14020 starts derived anchor storage at 0x0C.
IVP_Actuator_Two_Point	*		layout-retail	docs/zh-CN/ivp-retail-differences.md	RVA 0x14020 constructs two 0x30-byte anchors at 0x0C and 0x3C, stores client_data at 0x6C, and derived actuator fields begin at 0x70.
IVP_Actuator	IVP_Actuator		host-test	tests/IvpRetailContactLifecycleTest.cpp	The exact retail constructor initializes the controller's controlled-core vector in the mandatory Ballance DLL.
IVP_Actuator	~IVP_Actuator		host-test	tests/IvpRetailContactLifecycleTest.cpp	A populated retail-allocated controlled-core vector is released through the exact complete destructor without a second host-side destruction.
IVP_Actuator	~IVP_Actuator		retail-body-variant	docs/zh-CN/ivp-retail-differences.md	Ballance retains the MSVC complete destructor ??1IVP_Actuator@@UAE@XZ at RVA 0x13FE0; Clang's nearby declaration probe names the base-destructor variant ??_D instead.
IVP_Actuator	get_associated_controlled_cores		host-test	tests/IvpRetailContactLifecycleTest.cpp	The exact accessor returns the vector at offset 0x04 and preserves two controller core entries.
IVP_Actuator	get_controller_priority		host-test	tests/IvpRetailContactLifecycleTest.cpp	The exact retail priority body returns IVP_CP_ACTUATOR.
IVP_Real_Object	*		layout-retail	docs/zh-CN/ivp-retail-differences.md	Object/core offsets are corroborated by retained field accesses and Player object mapping.
IVP_Environment	*		layout-retail	docs/zh-CN/ivp-retail-differences.md	The retained constructor/destructor and accessors cover the 0x178 layout, including three vectors at +0xF4/+0xFC/+0x104, customer state at +0x10C/+0x110/+0x114 and the manager backlink at +0x118.
IVP_Environment	add_listener_constraint_global	?add_listener_constraint_global@IVP_Environment@@QAEXPAVIVP_Listener_Constraint@@@Z	retail-structure-absent	docs/zh-CN/ivp-retail-differences.md	Ballance constructs only collision, PSI and Core-revival vectors at +0xF4/+0xFC/+0x104; +0x10C is the owned customer-name pointer, so the neighboring constraint-listener registration cannot be represented ABI-compatibly.
IVP_Environment	remove_listener_constraint_global	?remove_listener_constraint_global@IVP_Environment@@QAEXPAVIVP_Listener_Constraint@@@Z	retail-structure-absent	docs/zh-CN/ivp-retail-differences.md	Ballance has no constraint-listener vector to remove from; treating +0x10C as that vector would overwrite the customer-name allocation released by the retail destructor.
IVP_Environment	fire_event_constraint_broken	?fire_event_constraint_broken@IVP_Environment@@QAEXPAVIVP_Constraint@@@Z	retail-structure-absent	docs/zh-CN/ivp-retail-differences.md	No retained code reads a constraint-listener vector. The two break branches in Local simulation call vtable byte offset +0x18, which is slot 6, the scalar deleting destructor, rather than a listener dispatcher.
IVP_Listener_Constraint	*		layout-not-applicable	docs/zh-CN/ivp-retail-differences.md	The source-era pure callback declaration is retained for source completeness, but Ballance has no listener storage, dispatcher, or cross-DLL callsite, so no instance participates in the retail ABI.
IVP_Environment_Manager	create_environment	?create_environment@IVP_Environment_Manager@@QAEPAVIVP_Environment@@PAVIVP_Application_Environment@@PBDI@Z	host-test	tests/IvpRetailContactLifecycleTest.cpp	The mandatory retail DLL constructs a complete Environment, registers it in the process manager and preserves the copied customer identity, authorization code, fixed count and exact +0x118 manager backlink.
IVP_Environment	~IVP_Environment		host-test	tests/IvpRetailContactLifecycleTest.cpp	Destroying the exact-DLL-created Environment frees the retail-owned customer-name copy through the same runtime and removes the object from its manager's environment vector.
IVP_Template_Spring	*		layout-retail	docs/zh-CN/ivp-retail-differences.md	The retained Spring constructor writes the published fields and 0x38 boundary.
IVP_Actuator_Spring	*		layout-retail	docs/zh-CN/ivp-retail-differences.md	Retained Spring methods access the published 0x98 base layout.
IVP_Template_Constraint	*		layout-retail	docs/zh-CN/ivp-retail-differences.md	Retained constraint construction reads the Ballance template layout.
IVP_Constraint	*		layout-retail	docs/zh-CN/ivp-retail-differences.md	Retail vtable, allocation and base field accesses corroborate the base layout.
IVP_Constraint_Local	*		layout-retail	docs/zh-CN/ivp-retail-differences.md	Retail allocation size, constructor and accessors corroborate the local layout.
IVP_Listener_Collision	*		layout-retail	docs/zh-CN/ivp-retail-differences.md	The five-slot Ballance vtable and its callsites are directly identified.
IVP_U_Point	*		layout-retail	docs/zh-CN/ivp-retail-differences.md	Retained x87/SSE users corroborate three binary64 coordinates and alignment.
IVP_U_Float_Point	*		layout-retail	docs/zh-CN/ivp-retail-differences.md	Retained users corroborate three binary32 coordinates and the aligned fourth lane.
IVP_U_Matrix3	*		layout-retail	docs/zh-CN/ivp-retail-differences.md	Retained transforms corroborate the three row vectors and x86 alignment.
IVP_U_Matrix	*		layout-retail	docs/zh-CN/ivp-retail-differences.md	Retained transforms corroborate Matrix3 followed by the translation vector.
IVP_U_Quat	*		layout-retail	docs/zh-CN/ivp-retail-differences.md	Retained matrix conversion and normalization bodies read and write four consecutive binary64 components at offsets 0x00, 0x08, 0x10 and 0x18 in the 0x20 object.
IVP_U_Hesse	*		layout-retail	docs/zh-CN/ivp-retail-differences.md	Retained calculation, projection and normalization bodies use the IVP_U_Point prefix and the fourth binary64 plane coefficient at offset 0x18 in the 0x20 object.
IVP_VHash_Store	*		layout-retail	docs/zh-CN/ivp-retail-differences.md	The exact constructor, destructor and rehash body establish five x86 fields at offsets 0x00 through 0x10 and a 0x14-byte boundary; each store element is three dwords.
IVP_Cache_Object	*		layout-retail	docs/zh-CN/ivp-retail-differences.md	Six retained coordinate-transform bodies access the matrix at +0x30 and its translation at +0x90; the manager allocates and traverses cache objects with an exact 0xD0 stride.
IVP_Cache_Object_Manager	*		layout-retail	docs/zh-CN/ivp-retail-differences.md	The exact constructor and destructor establish count +0x00, reuse index +0x04 and buffer +0x08 as the complete 0x0C manager layout.
IVP_U_Min_Hash	*		layout-retail	docs/zh-CN/ivp-retail-differences.md	The exact constructor and destructor establish size and three pointer fields at +0x00..+0x0C plus counter +0x10; add allocates each retained element as 0x18 bytes and accesses its sorted comparison index at +0x10 and payload at +0x14.
IVP_Great_Matrix_Many_Zero	*		layout-retail	docs/zh-CN/ivp-retail-differences.md	Retained matrix solvers access the published row and vector fields.
IVP_Object_Attach	*		layout-not-applicable	ivp_intern/ivp_object_attach.hxx; include/BML/IVP/ObjectAttach.h	All three public operations are static and no instance or this-pointer crosses the ABI; the compiler's nominal empty-class size is not an IVP object-layout contract.
IVP_Object_Attach	reposition_object_Ros		nearby-source-basis	C:/Users/kakut/Works/Ballance/physics_RT/ivp/ivp_intern/ivp_object_attach.cxx	Selectively adapts the parent-relative transform, object-from-core update, hull growth, cache invalidation, and mindist rebuild sequence using the Ballance layouts and retained retail callees.
IVP_Object_Attach	reposition_object_Ros		host-test	tests/IvpBeamObjectTest.cpp	A parent-relative Ballance object case verifies the resulting object-from-core transform and the required hull/cache/mindist operation order.
IVP_Object_Attach	attach_object		nearby-source-basis	C:/Users/kakut/Works/Ballance/physics_RT/ivp/ivp_intern/ivp_object_attach.cxx	Selectively reconstructs movement-state synchronization, Core membership migration, compound radii, and world-pose preservation around Ballance retail Core/Object operations.
IVP_Object_Attach	attach_object		host-test	tests/IvpBeamObjectTest.cpp	A sleeping child joins a moving parent Core while preserving world pose, growing compound radii, synchronizing state, and rebuilding collision data in lifecycle order.
IVP_Object_Attach	detach_object		nearby-source-basis	C:/Users/kakut/Works/Ballance/physics_RT/ivp/ivp_intern/ivp_object_attach.cxx	Selectively reconstructs contact teardown, retail-allocated Core replacement, world-pose and surface-velocity transfer, and next-PSI collision scheduling; it fixes the nearby use-after-delete by saving the old movement state before unlinking.
IVP_Object_Attach	detach_object		host-test	tests/IvpBeamObjectTest.cpp	A moving compound child becomes an independent Core while preserving tangential surface velocity, template data, object membership, hull growth, and next-PSI scheduling order.
IVP_Constraint_Car_Object	*		layout-ida-only	tools/ivp/Inspect-IvpTypes.py	The imported 0xB0 UDT and neighboring header agree field-by-field; no class-specific retail body survives.
IVP_Constraint_Solver_Car	*		layout-ida-only	tools/ivp/Inspect-IvpTypes.py	The imported 0xA0 UDT agrees with the neighboring field layout; the concrete vtable and methods are link-stripped.
IVP_Constraint_Solver_Car_Builder	*		layout-ida-only	tools/ivp/Inspect-IvpTypes.py	The imported 0x30 UDT agrees with the neighboring builder layout; no class-specific retail body survives.
IVP_Constraint_Car_Object	IVP_Constraint_Car_Object		nearby-source-basis	C:/Users/kakut/Works/Ballance/physics_RT/ivp/ivp_controller/ivp_constraint_car.cxx	Real-wheel target-frame and core back-reference initialization selectively follows the neighboring implementation.
IVP_Constraint_Car_Object	~IVP_Constraint_Car_Object		nearby-source-basis	C:/Users/kakut/Works/Ballance/physics_RT/ivp/ivp_controller/ivp_constraint_car.cxx	Real-wheel core back-reference teardown selectively follows the neighboring implementation.
IVP_Constraint_Car_Object	get_core		nearby-source-basis	C:/Users/kakut/Works/Ballance/physics_RT/ivp/ivp_controller/ivp_constraint_car.hxx	The inline accessor returns the confirmed real-object core pointer.
IVP_Constraint_Solver_Car	IVP_Constraint_Solver_Car		nearby-source-basis	C:/Users/kakut/Works/Ballance/physics_RT/ivp/ivp_controller/ivp_constraint_car.cxx	Axis handedness, speed cap and plan-B state selectively follow the neighboring implementation.
IVP_Constraint_Solver_Car	~IVP_Constraint_Solver_Car		nearby-source-basis	C:/Users/kakut/Works/Ballance/physics_RT/ivp/ivp_controller/ivp_constraint_car.cxx	Controller, wheel, fallback-constraint and matrix ownership selectively follow the neighboring implementation.
IVP_Constraint_Solver_Car	init_constraint_system		nearby-source-basis	C:/Users/kakut/Works/Ballance/physics_RT/ivp/ivp_controller/ivp_constraint_car.cxx	Four-wheel registration and effective-mass construction selectively follow the neighboring implementation.
IVP_Constraint_Solver_Car	do_simulation_controller		nearby-source-basis	C:/Users/kakut/Works/Ballance/physics_RT/ivp/ivp_controller/ivp_constraint_car.cxx	Rotation and bilateral x/z correction selectively follow the neighboring implementation.
IVP_Constraint_Solver_Car	get_associated_controlled_cores		nearby-source-basis	C:/Users/kakut/Works/Ballance/physics_RT/ivp/ivp_controller/ivp_constraint_car.hxx	The inline accessor returns the embedded core vector at the imported offset.
IVP_Constraint_Solver_Car	get_num_of_appending_terminals		nearby-source-basis	C:/Users/kakut/Works/Ballance/physics_RT/ivp/ivp_controller/ivp_constraint_car.hxx	The inline accessor returns the real-wheel vector length.
IVP_Constraint_Solver_Car_Builder	IVP_Constraint_Solver_Car_Builder		nearby-source-basis	C:/Users/kakut/Works/Ballance/physics_RT/ivp/ivp_controller/ivp_constraint_car.cxx	Builder initialization selectively follows the neighboring implementation.
IVP_Constraint_Solver_Car_Builder	disable_constraint		nearby-source-basis	C:/Users/kakut/Works/Ballance/physics_RT/ivp/ivp_controller/ivp_constraint_car.cxx	Constraint-axis removal selectively follows the neighboring implementation.
IVP_Constraint_Solver_Car_Builder	calc_constraint_matrix		nearby-source-basis	C:/Users/kakut/Works/Ballance/physics_RT/ivp/ivp_controller/ivp_constraint_car.cxx	The effective-mass matrix is built from retained Core test-push ABI and inverted with the verified Ballance matrix layout.
IVP_Constraint_Car_Object	IVP_Constraint_Car_Object		host-test	tests/IvpCarGeometryTest.cpp	A four-real-wheel body initializes target frames and core back-references.
IVP_Constraint_Car_Object	~IVP_Constraint_Car_Object		host-test	tests/IvpCarGeometryTest.cpp	Four wheel back-references are cleared during solver teardown.
IVP_Constraint_Car_Object	get_core		host-test	tests/IvpCarGeometryTest.cpp	The full matrix and PSI path resolves each wheel and body core through this accessor.
IVP_Constraint_Solver_Car	IVP_Constraint_Solver_Car		host-test	tests/IvpCarGeometryTest.cpp	A four-wheel x/z constraint system is constructed with Ballance axes and handedness.
IVP_Constraint_Solver_Car	~IVP_Constraint_Solver_Car		host-test	tests/IvpCarGeometryTest.cpp	The real-wheel controller unregisters and releases owned wheel/matrix state.
IVP_Constraint_Solver_Car	init_constraint_system		host-test	tests/IvpCarGeometryTest.cpp	A four-wheel 8x8 effective-mass matrix is built and inverted successfully.
IVP_Constraint_Solver_Car	do_simulation_controller		host-test	tests/IvpCarGeometryTest.cpp	One PSI converges all four wheel/body x/z relative velocities while conserving momentum.
IVP_Constraint_Solver_Car	get_associated_controlled_cores		host-test	tests/IvpCarGeometryTest.cpp	The scenario verifies the body plus four wheel cores in the controller set.
IVP_Constraint_Solver_Car	get_num_of_appending_terminals		host-test	tests/IvpCarGeometryTest.cpp	The scenario verifies four real-wheel terminals.
IVP_Constraint_Solver_Car_Builder	IVP_Constraint_Solver_Car_Builder		host-test	tests/IvpCarGeometryTest.cpp	Initialization constructs the builder over the four-wheel system.
IVP_Constraint_Solver_Car_Builder	disable_constraint		host-test	tests/IvpCarGeometryTest.cpp	Initialization removes vertical translation and all rotational rows before matrix construction.
IVP_Constraint_Solver_Car_Builder	calc_constraint_matrix		host-test	tests/IvpCarGeometryTest.cpp	The generated 8x8 inverse drives a full one-PSI convergence check rather than a reachability probe.
IVP_Incr_L_U_Matrix	*		layout-retail	docs/zh-CN/ivp-retail-differences.md	Retained LU functions access the published 0x30 layout.
IVP_Linear_Constraint_Solver	*		layout-retail	docs/zh-CN/ivp-retail-differences.md	The retail solver reaches this+0x128 and confirms the 0x130 boundary.
IVP_Ray_Solver	*		layout-retail	docs/zh-CN/ivp-retail-differences.md	Retained ray traversal and Player execution corroborate the public prefix.
IVP_Ray_Solver_Min	*		layout-retail	docs/zh-CN/ivp-retail-differences.md	Retail virtual callbacks and Player hits corroborate the derived layout.
IVP_Ray_Solver_Os	*		layout-retail	docs/zh-CN/ivp-retail-differences.md	Retained object-space traversal accesses the reconstructed state fields.
IVP_Template_Stiff_Spring	*		layout-ida-only	tools/ivp/Apply-BallanceIvpIdbCorrections.py	Link-stripped type; size and fields currently depend on imported UDT plus nearby source.
IVP_Controller_Stiff_Spring	*		layout-ida-only	tools/ivp/Apply-BallanceIvpIdbCorrections.py	Link-stripped type; no complete retained Ballance body proves the full layout.
IVP_Controller_Stiff_Spring_Active	*		layout-ida-only	tools/ivp/Apply-BallanceIvpIdbCorrections.py	Multiple-inheritance layout is imported and compiler-consistent, not independently retail-confirmed.
IVP_Template_Check_Dist	*		layout-ida-only	tools/ivp/Apply-BallanceIvpIdbCorrections.py	Link-stripped type; layout currently depends on imported UDT plus nearby source.
IVP_Anchor_Check_Dist	*		layout-ida-only	tools/ivp/Apply-BallanceIvpIdbCorrections.py	Link-stripped type; layout currently depends on imported UDT plus nearby source.
IVP_Actuator_Check_Dist	*		layout-ida-only	tools/ivp/Apply-BallanceIvpIdbCorrections.py	Link-stripped type; layout currently depends on imported UDT plus nearby source.
IVP_Template_Four_Point	*		layout-ida-only	tools/ivp/Apply-BallanceIvpIdbCorrections.py	Link-stripped type; layout currently depends on imported UDT plus nearby source.
IVP_Actuator_Four_Point	*		layout-ida-only	tools/ivp/Apply-BallanceIvpIdbCorrections.py	Link-stripped type; x86 prefix checks do not independently prove the complete object.
IVP_Template_Stabilizer	*		layout-ida-only	tools/ivp/Apply-BallanceIvpIdbCorrections.py	Link-stripped type; layout currently depends on imported UDT plus nearby source.
IVP_Actuator_Stabilizer	*		layout-ida-only	tools/ivp/Apply-BallanceIvpIdbCorrections.py	Link-stripped type; layout currently depends on imported UDT plus nearby source.
IVP_Template_Suspension	*		layout-ida-only	tools/ivp/Apply-BallanceIvpIdbCorrections.py	Only the Spring base is instruction-corroborated; the derived tail is imported UDT evidence.
IVP_Actuator_Suspension	*		layout-ida-only	tools/ivp/Apply-BallanceIvpIdbCorrections.py	Only the Spring base is instruction-corroborated; the derived tail is imported UDT evidence.
IVP_Cache_Object	remove_reference	?remove_reference@IVP_Cache_Object@@QAEXXZ	host-test	tests/IvpRetailContactLifecycleTest.cpp	After exact manager invalidation preserves one outstanding borrow, the restored public inline release decrements the private reference counter from one to zero before the ring slot is reused.
IVP_Environment_Manager	*		layout-retail	build-dev/inspect-environment-manager.log	Private constructor RVA 0x136E0 clears the optimization dword at +0x00 and the complete IVP_U_Vector fields at +0x04/+0x06/+0x08; the static initializer supplies singleton VA 0x10075DA0, proving the 0x0C owner boundary.
IVP_Environment_Manager	get_environment_manager	?get_environment_manager@IVP_Environment_Manager@@SAPAV1@XZ	host-test	tests/IvpRetailContactLifecycleTest.cpp	The mandatory Ballance DLL returns its exact image-base-plus-0x75DA0 singleton, whose optimization flag and environment vector retain the constructor's empty state.
IVP_Environment_Manager	~IVP_Environment_Manager		retail-body-variant	build-dev/inspect-environment-manager.log	The static-destruction thunk at RVA 0x13890 passes singleton VA 0x10075DA0 to folded RVA 0xAAD0, whose +0x04 vector teardown exactly matches the manager destructor; the shared RVA keeps its existing callback-table IDB name.
IVP_Controller_Motion	*		layout-ida-only	docs/zh-CN/ivp-retail-differences.md	The imported Ballance UDT and independently compiled x86 assertions agree on the 0x88 runtime layout; retained manager calls validate the embedded Core-facing identity but not every field offset.
IVP_Controller_Motion	IVP_Controller_Motion		nearby-source-basis	C:/Users/kakut/Works/Ballance/physics_RT/ivp/ivp_controller/ivp_controller_motion.cxx	Selectively reconstructs template transfer, scalar-to-vector torque expansion, object/Core/environment capture and independent-controller registration over Ballance-confirmed layouts and retained manager calls.
IVP_Controller_Motion	~IVP_Controller_Motion		nearby-source-basis	C:/Users/kakut/Works/Ballance/physics_RT/ivp/ivp_controller/ivp_controller_motion.cxx	Selectively reconstructs symmetric independent-controller removal before the retained IVP_Controller base teardown.
IVP_Template_Controller_Golem	*		layout-ida-only	tools/ivp/Apply-BallanceIvpIdbCorrections.py	Constructor is link-stripped and the five-field tail is imported UDT evidence.
IVP_Controller_Golem	*		layout-ida-only	tools/ivp/Apply-BallanceIvpIdbCorrections.py	The 0x130 layout and member offsets agree between the imported UDT and nearby source, but no Golem-specific Ballance body survives.
IVP_Template_Constraint_Fixed_Keyframed	*		layout-ida-only	tools/ivp/Apply-BallanceIvpIdbCorrections.py	Constructor is inline/link-stripped and the no-tail conclusion is imported UDT evidence.
IVP_Inline_Math	isqrt_float	?isqrt_float@IVP_Inline_Math@@SAMM@Z	host-test	tests/IvpRetailContactLifecycleTest.cpp	The exact float inverse-square-root body normalizes a 3-4-5 direction through its IEEE exponent seed and fixed Newton refinement.
IVP_Inline_Math	isqrt_double	?isqrt_double@IVP_Inline_Math@@SANN@Z	host-test	tests/IvpRetailContactLifecycleTest.cpp	A non-perfect-square input verifies the exact double entry, x87 return ABI and inverse rather than ordinary square-root semantics.
IVP_Material_Manager	IVP_Material_Manager	??0IVP_Material_Manager@@QAE@W4IVP_BOOL@@@Z	host-test	tests/IvpRetailContactLifecycleTest.cpp	A non-owning manager is constructed through the ABI-compatible Ballance unsigned-int body while preserving the documented nearby IVP_BOOL signature difference.
IVP_Material_Manager	get_friction_factor	?get_friction_factor@IVP_Material_Manager@@UAENPAUIVP_Contact_Situation@@@Z	host-test	tests/IvpRetailContactLifecycleTest.cpp	Two real material vtables are dispatched through an IVP_Contact_Situation and the exact manager returns their friction product.
IVP_Material_Manager	get_elasticity	?get_elasticity@IVP_Material_Manager@@UAENPAUIVP_Contact_Situation@@@Z	host-test	tests/IvpRetailContactLifecycleTest.cpp	The exact manager reads both contact materials and returns their elasticity product using the x87 double ABI.
IVP_Material_Manager	get_material_by_index	?get_material_by_index@IVP_Material_Manager@@UAEPAVIVP_Material@@PBVIVP_U_Point@@H@Z	host-test	tests/IvpRetailContactLifecycleTest.cpp	Different positions and indices return the same process-owned default material with friction and elasticity 0.5.
IVP_Material_Manager	environment_will_be_deleted	?environment_will_be_deleted@IVP_Material_Manager@@UAEXPAVIVP_Environment@@@Z	host-test	tests/IvpRetailContactLifecycleTest.cpp	A manager constructed with false ownership survives the exact environment callback and remains usable for subsequent contact queries.
IVP_Anomaly_Limits	IVP_Anomaly_Limits	??0IVP_Anomaly_Limits@@QAE@W4IVP_BOOL@@@Z	host-test	tests/IvpRetailContactLifecycleTest.cpp	Exact retail construction verifies the 0x14 object and Ballance defaults 2000.0f, 70000 and pi/2 without enabling environment-owned deletion.
IVP_Anomaly_Manager	IVP_Anomaly_Manager	??0IVP_Anomaly_Manager@@QAE@W4IVP_BOOL@@@Z	host-test	tests/IvpRetailContactLifecycleTest.cpp	Exact retail construction installs the seven-slot manager table and preserves caller-selected environment deletion ownership.
IVP_Anomaly_Manager	max_velocity_exceeded	?max_velocity_exceeded@IVP_Anomaly_Manager@@UAEXPAVIVP_Anomaly_Limits@@PAVIVP_Core@@PAVIVP_U_Float_Point@@@Z	host-test	tests/IvpRetailContactLifecycleTest.cpp	A 3-4-5 velocity is reduced by the exact callback to 99 percent of the configured absolute speed limit.
IVP_Anomaly_Manager	max_angular_velocity_exceeded	?max_angular_velocity_exceeded@IVP_Anomaly_Manager@@UAEXPAVIVP_Anomaly_Limits@@PAVIVP_Core@@PAVIVP_U_Float_Point@@@Z	host-test	tests/IvpRetailContactLifecycleTest.cpp	The exact callback follows core->environment and converts the per-PSI angular limit through inverse PSI duration before applying the retail 90 percent margin.
IVP_Anomaly_Manager	max_collisions_exceeded_check_freezing	?max_collisions_exceeded_check_freezing@IVP_Anomaly_Manager@@UAE?AW4IVP_BOOL@@PAVIVP_Anomaly_Limits@@PAVIVP_Core@@@Z	host-test	tests/IvpRetailContactLifecycleTest.cpp	The exact Ballance callback returns the 32-bit IVP_TRUE freezing decision.
IVP_Anomaly_Manager	inter_penetration	?inter_penetration@IVP_Anomaly_Manager@@UAEXPAVIVP_Mindist@@PAVIVP_Real_Object@@1N@Z	retail-body-variant	docs/zh-CN/ivp-retail-differences.md	Ballance retains the three-argument ABI under a different decorated name than the nearby four-argument declaration.
IVP_Anomaly_Manager	inter_penetration	?inter_penetration@IVP_Anomaly_Manager@@UAEXPAVIVP_Mindist@@PAVIVP_Real_Object@@1N@Z	retail-signature-variant	docs/zh-CN/ivp-retail-differences.md	The retail decorated name and ret 0x0C epilogue confirm three pointer arguments; the neighboring trailing IVP_DOUBLE belongs to a different ABI revision.
IVP_Listener_Collision	~IVP_Listener_Collision		retail-indirect-callsite	tools/ivp/physics-rt-indirect-api-coverage.tsv	Two adapter callsites invoke the Ballance deleting-destructor slot.
IVP_Controller	~IVP_Controller		retail-indirect-callsite	tools/ivp/physics-rt-indirect-api-coverage.tsv	The adapter invokes controller deletion through vtable slot 6.
IVP_Controller	get_controller_name	?get_controller_name@IVP_Controller@@UAEPBDXZ	retail-virtual-variant	docs/zh-CN/ivp-retail-differences.md	The nearby revision adds a virtual name query, but Ballance's verified seven-slot controller table omits it; the compatibility query must remain non-virtual.
IVP_Listener_Collision	*		retail-vtable-variant	docs/zh-CN/ivp-retail-differences.md	Ballance's verified five-slot listener table omits pre-collision and both friction-pair callbacks while retaining the relative order of the four surviving callbacks.
IVP_Listener_Collision	event_post_collision		retail-indirect-callsite	tools/ivp/physics-rt-indirect-api-coverage.tsv	Global and private-object dispatchers call retail listener slot 0.
IVP_Listener_Collision	event_collision_object_deleted		retail-indirect-callsite	tools/ivp/physics-rt-indirect-api-coverage.tsv	The private-object dispatcher calls retail listener slot 1 with an IVP_Real_Object pointer.
IVP_Listener_Collision	event_friction_created		retail-indirect-callsite	tools/ivp/physics-rt-indirect-api-coverage.tsv	Global and private-object contact-creation dispatchers call retail listener slot 2.
IVP_Listener_Collision	event_friction_deleted		retail-indirect-callsite	tools/ivp/physics-rt-indirect-api-coverage.tsv	Global and private-object contact-destruction dispatchers call retail listener slot 3.
IVP_Listener_Collision	event_post_collision		host-test	tests/IvpRetailContactLifecycleTest.cpp	The exact retail global dispatcher invokes slot 0 in reverse listener order for a post-collision event.
IVP_Listener_Collision	event_friction_created		host-test	tests/IvpRetailContactLifecycleTest.cpp	The exact retail contact-creation dispatcher at RVA 0x13BC0 invokes slot 2.
IVP_Listener_Collision	event_friction_deleted		host-test	tests/IvpRetailContactLifecycleTest.cpp	The exact retail contact-destruction dispatcher at RVA 0x13C00 invokes slot 3.
IVP_Environment	add_listener_collision_global	?add_listener_collision_global@IVP_Environment@@QAEXPAVIVP_Listener_Collision@@@Z	host-test	tests/IvpRetailContactLifecycleTest.cpp	The exact retail registration entry at RVA 0x13C70 appends listeners to the verified +0xF4 vector and establishes reverse dispatch order.
IVP_Environment	remove_listener_collision_global	?remove_listener_collision_global@IVP_Environment@@QAEXPAVIVP_Listener_Collision@@@Z	nearby-source-basis	C:/Users/kakut/Works/Ballance/physics_RT/ivp/ivp_intern/ivp_environment.cxx	The link-stripped removal is the nearby collision_listeners.remove operation over Ballance's retail-confirmed +0xF4 vector layout.
IVP_Environment	remove_listener_collision_global	?remove_listener_collision_global@IVP_Environment@@QAEXPAVIVP_Listener_Collision@@@Z	host-test	tests/IvpRetailContactLifecycleTest.cpp	Removing a registered listener through the public inline API stops all three exact retail dispatchers; re-registration restores reverse-order delivery.
IVP_Listener_Collision	event_pre_collision		retail-interface-absent	docs/zh-CN/ivp-retail-differences.md	Ballance's five-slot listener vtable has no pre-collision slot; adding it would shift every retained callback.
IVP_Listener_Collision	event_friction_pair_created		retail-interface-absent	docs/zh-CN/ivp-retail-differences.md	Ballance's five-slot listener vtable has no friction-pair-created slot.
IVP_Listener_Collision	event_friction_pair_deleted		retail-interface-absent	docs/zh-CN/ivp-retail-differences.md	Ballance's five-slot listener vtable has no friction-pair-deleted slot.
IVP_Material	*		retail-vtable-variant	docs/zh-CN/ivp-retail-differences.md	Ballance's verified six-slot material table adds get_adhesion before get_name and the deleting destructor.
IVP_Material_Manager	*		retail-vtable-variant	docs/zh-CN/ivp-retail-differences.md	Ballance's verified six-slot manager table adds get_adhesion before the deleting destructor and environment callback.
IVP_Object	*		layout-retail	docs/zh-CN/ivp-retail-differences.md	The one-slot retail base vtable and retained object destructors corroborate the 0x1C base layout.
IVP_Cluster	*		layout-retail	docs/zh-CN/ivp-retail-differences.md	The retained root constructor and destructor corroborate the IVP_Object prefix, child head at +0x1C, and 0x20 size.
IVP_Hull_Manager_Base	*		layout-retail	docs/zh-CN/ivp-retail-differences.md	Retail complete construction and destruction access the embedded IVP_U_Min_List at +0x20 inside the 0x38 object.
IVP_Real_Object_Fast_Static	*		layout-retail	docs/zh-CN/ivp-retail-differences.md	Retail real-object field accesses corroborate the 0x40 static-fast prefix and its IVP_Object base.
IVP_Real_Object_Fast	*		layout-retail	docs/zh-CN/ivp-retail-differences.md	Retail cache, hull-manager and flag accesses corroborate the 0x88 fast prefix.
IVP_Controller_Phantom	*		layout-retail	docs/zh-CN/ivp-retail-differences.md	convert_to_phantom allocates exactly 0x40 bytes; the retained constructor and recovered complete destructor corroborate all fields and embedded-container ownership through offset 0x3F.
IVP_Controller_Phantom	~IVP_Controller_Phantom		retail-body-variant	build-dev/ida-phantom-destructor-xrefs.log	RVA 0x108A0 is the complete public destructor called by both retail object-to-phantom teardown paths; Clang's public-inventory destructor spelling differs from the retained MSVC ??1 decorated name.
IVP_Controller_Phantom	~IVP_Controller_Phantom		host-test	tests/IvpPhantomLifecycleTest.cpp	A conversion-lifetime scenario verifies reverse listener delivery, object-state restoration, owned tracking teardown, and exactly-once embedded-container destruction.
IVP_Cluster	IVP_Cluster	??0IVP_Cluster@@QAE@PAV0@PAVIVP_Template_Cluster@@@Z	nearby-source-basis	C:/Users/kakut/Works/Ballance/physics_RT/ivp	The link-stripped public constructor is the retained Object constructor followed by child-head initialization and the cluster tag.
IVP_Cluster	IVP_Cluster	??0IVP_Cluster@@QAE@PAV0@PAVIVP_Template_Cluster@@@Z	host-test	tests/IvpObjectHierarchyTest.cpp	A nested owning cluster validates insertion and recursive child teardown.
IVP_Cluster	~IVP_Cluster		nearby-source-basis	C:/Users/kakut/Works/Ballance/physics_RT/ivp	The local body follows the nearby source and the retained RVA 0x9CB0 loop: deleting the current head until Object destruction unlinks it.
IVP_Cluster	~IVP_Cluster		host-test	tests/IvpObjectHierarchyTest.cpp	Two child objects are deleted through their virtual slots before the cluster unlinks from its parent.
IVP_Real_Object_Fast	IVP_Real_Object_Fast	??0IVP_Real_Object_Fast@@QAE@PAVIVP_Cluster@@PBVIVP_Template_Object@@@Z	nearby-source-basis	C:/Users/kakut/Works/Ballance/physics_RT/ivp	The source-inline constructor composes the retained Object and complete Hull Manager construction paths without adding another version's fields.
IVP_Real_Object_Fast	IVP_Real_Object_Fast	??0IVP_Real_Object_Fast@@QAE@PAVIVP_Cluster@@PBVIVP_Template_Object@@@Z	host-test	tests/IvpObjectHierarchyTest.cpp	Construction and destruction preserve parent linkage and prove the embedded min-list is not initialized or freed twice.
IVP_Object	~IVP_Object		retail-body-variant	build-dev/ida-object-construction-inspect.log	The public destructor's Clang inventory name differs from MSVC's retained complete destructor name; RVA 0x9BA0 is the matching one-slot base implementation.
IVP_Object	~IVP_Object		host-test	tests/IvpObjectHierarchyTest.cpp	Fast objects, leaves and clusters all unlink from their parent through the exact retained base destructor boundary.
IVP_Cluster	~IVP_Cluster		retail-body-variant	build-dev/ida-object-construction-inspect.log	RVA 0x9CB0 has the public destructor semantics despite the inventory's compiler-specific destructor mangling.
IVP_Hull_Manager_Base	IVP_Hull_Manager_Base		host-test	tests/IvpObjectHierarchyTest.cpp	The Fast-object construction chain enters the complete Hull Manager constructor exactly once.
IVP_Hull_Manager_Base	~IVP_Hull_Manager_Base		retail-body-variant	build-dev/ida-minlist-lifetime-inspect.log	RVA 0x1A7A0 is the complete public destructor and calls the recovered Min List destructor at RVA 0x30170.
IVP_Hull_Manager_Base	~IVP_Hull_Manager_Base		host-test	tests/IvpObjectHierarchyTest.cpp	Fast-object teardown enters the complete Hull Manager destructor once and performs no compiler-generated second Min List destruction.
IVP_Attacher_To_Cores	*		layout-retail	docs/zh-CN/ivp-retail-differences.md	The retained buoyancy constructor and six-slot derived vtable prove the template base prefix is 0x1C.
IVP_Attacher_To_Cores_Buoyancy	*		layout-retail	docs/zh-CN/ivp-retail-differences.md	The retained constructor writes the full 0x70 object and installs the verified six-slot vtable.
IVP_Anomaly_Limits	*		layout-retail	docs/zh-CN/ivp-retail-differences.md	The retained constructor writes every field through 0x10 and installs the verified two-slot vtable.
IVP_Anomaly_Manager	*		layout-retail	docs/zh-CN/ivp-retail-differences.md	The retained constructor proves the 0x08 layout and installs the verified seven-slot vtable.
IVP_Application_Environment	*		layout-retail	docs/zh-CN/ivp-retail-differences.md	The retained constructor clears exactly twelve dwords, proving the 0x30 pointer aggregate.
IVP_Material	*		layout-retail	docs/zh-CN/ivp-retail-differences.md	The retained derived constructor and verified base vtable corroborate the 0x0C material prefix.
IVP_Material_Simple	*		layout-retail	docs/zh-CN/ivp-retail-differences.md	The retained constructor writes the complete 0x30 material object and installs the verified six-slot table.
IVP_Material_Manager	*		layout-retail	docs/zh-CN/ivp-retail-differences.md	The retained constructor writes the only data field and installs the verified six-slot table.
IVP_U_Active_Value_Manager	*		layout-retail	docs/zh-CN/ivp-retail-differences.md	The retained constructor initializes the published 0x28 state and installs the verified fifteen-slot table.
IVP_U_Float_Hesse	*		layout-retail	docs/zh-CN/ivp-retail-differences.md	Retained plane calculation and normalization bodies access four float lanes in the 0x10 object.
IVP_U_String_Hash	*		layout-retail	docs/zh-CN/ivp-retail-differences.md	Retained construction, lookup and insertion bodies corroborate all three fields in the 0x0C object.
IVP_Template_Anchor	*		layout-retail	docs/zh-CN/ivp-retail-differences.md	The retained world-position setter writes the object pointer and aligned 0x20-byte point at offset 0x08.
IVP_Liquid_Surface_Descriptor_Simple	*		layout-retail	docs/zh-CN/ivp-retail-differences.md	RVA 0x10820 installs the vtable and copies a four-float Hesse plane at +0x04 plus a three-float current vector at +0x14, confirming the 0x24 derived object.
IVP_Template_Anchor	set_anchor_position_ws	?set_anchor_position_ws@IVP_Template_Anchor@@QAEXPAVIVP_Real_Object@@PBVIVP_U_Point@@@Z	host-test	tests/IvpRetailContactLifecycleTest.cpp	The exact mandatory-DLL setter preserves the object identity and copies all four aligned double lanes of a nontrivial world-space actuator attachment point.
IVP_Template_Constraint	IVP_Template_Constraint	??0IVP_Template_Constraint@@QAE@XZ	host-test	tests/IvpRetailContactLifecycleTest.cpp	The exact mandatory-DLL constructor establishes the Ballance defaults for a bounded translation/twist joint, including fixed translation axes, free rotation axes, factors, pointers and limit storage.
IVP_Template_Constraint	limit_translation_axis	?limit_translation_axis@IVP_Template_Constraint@@QAEXW4IVP_COORDINATE_INDEX@@MM@Z	host-test	tests/IvpRetailContactLifecycleTest.cpp	The exact mandatory-DLL writer changes the selected translation axis to LIMITED and stores both travel borders without disturbing the fixed orthogonal axes.
IVP_Template_Constraint	limit_rotation_axis	?limit_rotation_axis@IVP_Template_Constraint@@QAEXW4IVP_COORDINATE_INDEX@@MM@Z	host-test	tests/IvpRetailContactLifecycleTest.cpp	The exact mandatory-DLL writer maps a rotation coordinate to axis slot +3 and stores a non-symmetric twist interval while the other rotations remain explicitly fixed.
IVP_Template_Real_Object	IVP_Template_Real_Object	??0IVP_Template_Real_Object@@QAE@XZ	host-test	tests/IvpRetailContactLifecycleTest.cpp	The exact mandatory-DLL constructor establishes the complete Ballance object-creation defaults for mass, inertia, damping, collision state, material and ownership pointers.
IVP_Template_Object	*		layout-retail	docs/zh-CN/ivp-retail-differences.md	Constructor RVA 0x15E90 clears the sole name pointer; set/destruct RVAs 0x15EC0/0x15EA0 read, replace and clear the same +0x00 field, confirming the 0x04 object.
IVP_Template_Object	IVP_Template_Object	??0IVP_Template_Object@@QAE@XZ	host-test	tests/IvpRetailContactLifecycleTest.cpp	The exact mandatory-DLL constructor starts a physical object template with no owned name allocation.
IVP_Template_Object	set_name	?set_name@IVP_Template_Object@@QAEXPBD@Z	host-test	tests/IvpRetailContactLifecycleTest.cpp	The exact mandatory-DLL setter duplicates caller storage, preserves the first name after caller mutation, then replaces it with a second gameplay object name.
IVP_Template_Object	get_name	?get_name@IVP_Template_Object@@QBEPBDXZ	host-test	tests/IvpRetailContactLifecycleTest.cpp	The inline getter observes null, copied and replaced retail-owned name states.
IVP_Template_Object	~IVP_Template_Object	??_DIVP_Template_Object@@QAEXXZ	host-test	tests/IvpRetailContactLifecycleTest.cpp	Scope exit routes the final duplicated gameplay name through the retained retail destructor thunk and allocator boundary.
IVP_Template_Phantom	IVP_Template_Phantom	??0IVP_Template_Phantom@@QAE@XZ	host-test	tests/IvpRetailContactLifecycleTest.cpp	The exact mandatory-DLL constructor receives 0xA5 poison storage, writes all five dwords, establishes disabled membership tracking and symmetric 0.5-radius/0.5-time exit hysteresis before trigger-volume customization.
IVP_Template_Real_Object	set_nocoll_group_ident	?set_nocoll_group_ident@IVP_Template_Real_Object@@QAEXPBD@Z	host-test	tests/IvpRetailContactLifecycleTest.cpp	The exact mandatory-DLL setter stores a seven-character gameplay collision-group identity and clears the visible identity when passed null.
IVP_Template_Real_Object	get_nocoll_group_ident	?get_nocoll_group_ident@IVP_Template_Real_Object@@QBEPBDXZ	host-test	tests/IvpRetailContactLifecycleTest.cpp	The inline getter observes the retained eight-byte no-collision group storage before, during and after configuration.
IVP_Material_Simple	IVP_Material_Simple	??0IVP_Material_Simple@@QAE@NN@Z	host-test	tests/IvpRetailContactLifecycleTest.cpp	The exact mandatory-DLL constructor creates a non-default Ballance material with independent friction and elasticity.
IVP_Material_Simple	get_friction_factor	?get_friction_factor@IVP_Material_Simple@@UAENXZ	host-test	tests/IvpRetailContactLifecycleTest.cpp	The exact mandatory-DLL virtual getter returns the configured primary friction coefficient.
IVP_Material_Simple	get_second_friction_factor	?get_second_friction_factor@IVP_Material_Simple@@UAENXZ	host-test	tests/IvpRetailContactLifecycleTest.cpp	The exact mandatory-DLL virtual getter returns the constructor's disabled secondary-friction value.
IVP_Material_Simple	get_elasticity	?get_elasticity@IVP_Material_Simple@@UAENXZ	host-test	tests/IvpRetailContactLifecycleTest.cpp	The exact mandatory-DLL virtual getter returns the configured restitution coefficient.
IVP_Material_Simple	get_name	?get_name@IVP_Material_Simple@@UAEPBDXZ	host-test	tests/IvpRetailContactLifecycleTest.cpp	The exact mandatory-DLL virtual getter returns the retail static material name.
IVP_Liquid_Surface_Descriptor_Simple	IVP_Liquid_Surface_Descriptor_Simple	??0IVP_Liquid_Surface_Descriptor_Simple@@QAE@PBVIVP_U_Float_Hesse@@PBVIVP_U_Float_Point@@@Z	host-test	tests/IvpRetailContactLifecycleTest.cpp	The exact mandatory-DLL constructor captures a nontrivial liquid surface plane and current vector.
IVP_Liquid_Surface_Descriptor_Simple	calc_liquid_surface	?calc_liquid_surface@IVP_Liquid_Surface_Descriptor_Simple@@UAEXPAVIVP_Environment@@PAVIVP_Core@@PAVIVP_U_Float_Hesse@@PAVIVP_U_Float_Point@@@Z	host-test	tests/IvpRetailContactLifecycleTest.cpp	The exact mandatory-DLL virtual method reproduces all plane lanes and all three current components independently of environment/Core inputs.
IVP_Template_Phantom	*		layout-retail	docs/zh-CN/ivp-retail-differences.md	The retained constructor initializes the published fields through offset 0x10 and proves the 0x14 boundary.
IVP_Template_Real_Object	*		layout-retail	docs/zh-CN/ivp-retail-differences.md	The retained constructor fixes the 0x70 size; RVA 0x9787 independently proves +0x10 is enable_piling_optimization and that Ballance omits the nearby following pinned field.
IVP_Constraint	~IVP_Constraint		retail-indirect-callsite	tools/ivp/physics-rt-indirect-api-coverage.tsv	Two adapter callsites delete constraints through the inherited slot.
IVP_Material	~IVP_Material		retail-indirect-callsite	tools/ivp/physics-rt-indirect-api-coverage.tsv	The adapter invokes the scalar deleting destructor through slot 5.
IVP_SurfaceManager	~IVP_SurfaceManager		retail-indirect-callsite	tools/ivp/physics-rt-indirect-api-coverage.tsv	The adapter invokes the deleting destructor through slot 9.
IVP_Great_Matrix_Many_Zero	invert		host-test	tests/IvpContactMatrixTest.cpp	Coupled and singular effective-mass matrices exercise inversion success and rejection.
IVP_Real_Object	unlink_contact_points_for_object		host-test	tests/IvpContactTopologyTest.cpp	Selective unlink preserves unrelated contacts and destroys empty friction systems.
IVP_Real_Object	do_radar_checking		host-test	tests/IvpRadarNeighborhoodTest.cpp	Exact and hull candidates exercise distance filtering and callback direction.
IVP_Real_Object	disable_simulation		host-test	tests/IvpImmediateFreezeTest.cpp	Dynamic and static core paths exercise immediate freezing state transitions.
IVP_Real_Object	recompile_values_changed		nearby-source-basis	C:/Users/kakut/Works/Ballance/physics_RT/ivp/ivp_intern/ivp_object.cxx	The source-exact one-line entry dispatches the selectively reconstructed Core mass and contact refresh traversal.
IVP_Real_Object	recompile_values_changed		host-test	tests/IvpCoreRecompileTest.cpp	The movable-core scenario verifies redundant-value recalculation, movement-state propagation, simulation revival, friction-system fusion and refresh of every attached contact.
IVP_Real_Object	recompile_material_changed		nearby-source-basis	C:/Users/kakut/Works/Ballance/physics_RT/ivp/ivp_intern/ivp_object.cxx	The source-exact one-line entry dispatches the selectively reconstructed Core material and contact refresh traversal.
IVP_Real_Object	recompile_material_changed		host-test	tests/IvpCoreRecompileTest.cpp	The material-change entry drives the complete movable-core contact refresh scenario through retail contact, material, virtual-mass and transaction bodies.
IVP_Real_Object	delete_and_check_vicinity		nearby-source-basis	C:/Users/kakut/Works/Ballance/physics_RT/ivp/ivp_intern/ivp_object.cxx	The short control flow is reconstructed around retained retail vicinity discovery, friction growth, Core wakeup, contact refresh and virtual deletion entries.
IVP_Real_Object	delete_and_check_vicinity		host-test	tests/IvpObjectDeletionTest.cpp	Movable and static deletion scenarios verify wakeup ordering, static-vicinity contact repair, balanced transaction memory and final virtual destruction.
IVP_Real_Object	beam_object_to_new_position		nearby-source-basis	C:/Users/kakut/Works/Ballance/physics_RT/ivp/ivp_intern/ivp_object.cxx	The object-to-core pose conversion and stripped set_transformation flow are selectively reconstructed around retail-retained time, quaternion, mindist, broadphase, hull and rotation-axis helpers; the neighboring implementation is not treated as a retained retail body.
IVP_Real_Object	beam_object_to_new_position		host-test	tests/IvpBeamObjectTest.cpp	A sleeping compound-object teleport verifies object-to-core pose conversion, cache and exact/invalid mindist refresh, broadphase rebuild and hull reset; a repeated moving update verifies the optimized no-rebuild path.
IVP_Real_Object	change_unmovable_flag		nearby-source-basis	C:/Users/kakut/Works/Ballance/physics_RT/ivp/ivp_intern/ivp_object.cxx	The link-stripped top-level transaction is reconstructed only after the retail 0x24 Simulation Unit layout, retained constructor/destructor, list ownership, allocator boundary, controller transfer, friction-store destruction and Core freeze entry were verified.
IVP_Real_Object	change_unmovable_flag		host-test	tests/IvpMovabilityTransitionTest.cpp	A moving compound object is frozen and rehomed into a new standalone Simulation Unit with only gravity retained; the reverse static-to-movable case destroys the static friction hash without replacing the unit or controller list.
IVP_Environment	reset_time		host-test	tests/IvpEnvironmentTimeRebaseTest.cpp	Event, controller, core, hull and environment clocks are rebased together.
IVP_Environment	add_listener_object_private		host-test	tests/IvpObjectListenerLifecycleTest.cpp	Object listener insertion and callback-time self-removal are exercised.
IVP_Environment	remove_listener_object_private		host-test	tests/IvpObjectListenerLifecycleTest.cpp	Explicit and callback-time removal are exercised.
IVP_Environment	create_force		host-test	tests/IvpForceActuatorTest.cpp	Creates a force actuator used for two-body impulse and Active update cases.
IVP_Environment	create_torque		host-test	tests/IvpForceActuatorTest.cpp	Creates a torque actuator used for axis and speed-limit cases.
IVP_Environment	create_rotmot		host-test	tests/IvpForceActuatorTest.cpp	Creates a rotational motor used for power and torque-limit cases.
IVP_Environment	create_check_dist		host-test	tests/IvpForceActuatorTest.cpp	Creates a distance checker used for threshold and hull-list cases.
IVP_Environment	create_stabilizer		host-test	tests/IvpForceActuatorTest.cpp	Creates a stabilizer used for paired-anchor impulse cases.
IVP_Environment	create_suspension		host-test	tests/IvpForceActuatorTest.cpp	Creates a suspension used for compression, rebound and body-cap cases.
IVP_Actuator_Force	set_force		host-test	tests/IvpForceActuatorTest.cpp	Both direct and Active-driven force changes are exercised.
IVP_Actuator_Force	get_force		host-test	tests/IvpForceActuatorTest.cpp	Reads direct and Active-driven force values.
IVP_Actuator_Force	do_simulation_controller		host-test	tests/IvpForceActuatorTest.cpp	Two-body equal and opposite impulses are checked.
IVP_Actuator_Torque	set_torque		host-test	tests/IvpForceActuatorTest.cpp	Direct and Active torque changes are exercised.
IVP_Actuator_Torque	get_torque		host-test	tests/IvpForceActuatorTest.cpp	Reads direct and Active torque values.
IVP_Actuator_Torque	set_max_rotation_speed		host-test	tests/IvpForceActuatorTest.cpp	Rotation-speed limiting is exercised on both sides of the threshold.
IVP_Actuator_Rot_Mot	set_power		host-test	tests/IvpForceActuatorTest.cpp	Direct and Active power commands are exercised.
IVP_Actuator_Rot_Mot	get_power		host-test	tests/IvpForceActuatorTest.cpp	Reads direct and Active power values.
IVP_Actuator_Rot_Mot	do_simulation_controller		host-test	tests/IvpForceActuatorTest.cpp	Power-to-torque conversion and caps are exercised.
IVP_Controller_Stiff_Spring	add_listener_stiff_spring		host-test	tests/IvpForceActuatorTest.cpp	Duplicate listener suppression and break notification are exercised.
IVP_Controller_Stiff_Spring	get_spring_length_zero_force		host-test	tests/IvpForceActuatorTest.cpp	Direct and Active rest lengths are observed.
IVP_Controller_Stiff_Spring	get_constant		host-test	tests/IvpForceActuatorTest.cpp	Direct and Active stiffness values are observed.
IVP_Controller_Stiff_Spring	get_damp_factor		host-test	tests/IvpForceActuatorTest.cpp	Direct and Active damping values are observed.
IVP_Actuator_Check_Dist	set_range		host-test	tests/IvpForceActuatorTest.cpp	Both threshold crossings and hull-list reinsertion are exercised.
IVP_Actuator_Check_Dist	add_listener_check_dist_event		host-test	tests/IvpForceActuatorTest.cpp	Duplicate listener suppression and state notifications are exercised.
IVP_Actuator_Stabilizer	set_stabi_constant		host-test	tests/IvpForceActuatorTest.cpp	Direct and Active stabilizer constants are exercised.
IVP_Actuator_Suspension	do_simulation_controller		host-test	tests/IvpForceActuatorTest.cpp	Compression/rebound selection, reduced mass and asymmetric cap are exercised.
IVP_Actuator_Suspension	set_spring_damp_compression		host-test	tests/IvpForceActuatorTest.cpp	Compression damping is changed and observed through impulses.
IVP_Actuator_Suspension	set_max_body_force		host-test	tests/IvpForceActuatorTest.cpp	Body-only impulse limiting is changed and observed.
IVP_Attacher_To_Cores	IVP_Attacher_To_Cores		host-test	tests/IvpCoreAttachmentLifecycleTest.cpp	Existing cores and later additions receive exactly one attachment.
IVP_Attacher_To_Cores	attachment_is_going_to_be_deleted		host-test	tests/IvpCoreAttachmentLifecycleTest.cpp	Removal and active-set destruction clear attachment mappings.
IVP_Controller_Motion	IVP_Controller_Motion		host-test	tests/IvpForceActuatorTest.cpp	Constructs a Ballance-sized controller from a live-shaped Real Object/Core pair and verifies one invocation of the retained manager route with the same identities.
IVP_Controller_Motion	~IVP_Controller_Motion		host-test	tests/IvpForceActuatorTest.cpp	Scope teardown invokes the retained manager-removal route once for the originally registered controller and Core before verified base destruction.
IVP_Controller_Motion	get_max_torque		host-test	tests/IvpForceActuatorTest.cpp	The template scalar expands to three equal runtime axes and a later anisotropic runtime limit remains intact.
IVP_Controller_Motion	get_max_translation_force		host-test	tests/IvpForceActuatorTest.cpp	Reads the three independently configured translation-force limits before and after mutation.
IVP_Controller_Motion	get_force_factor		host-test	tests/IvpForceActuatorTest.cpp	Reads the copied and subsequently changed positional gain.
IVP_Controller_Motion	get_damp_factor		host-test	tests/IvpForceActuatorTest.cpp	Reads the copied and subsequently changed linear damping factor.
IVP_Controller_Motion	get_torque_factor		host-test	tests/IvpForceActuatorTest.cpp	Reads the copied and subsequently changed orientation gain.
IVP_Controller_Motion	get_angular_damp_factor		host-test	tests/IvpForceActuatorTest.cpp	Reads the copied and subsequently changed angular damping factor.
IVP_Controller_Motion	get_target_position_ws		host-test	tests/IvpForceActuatorTest.cpp	Observes the zero initial target and the world target accepted through the object-position helper.
IVP_Controller_Motion	get_target_orientation		host-test	tests/IvpForceActuatorTest.cpp	Observes the identity initial target and a nontrivial quaternion target.
IVP_Controller_Motion	set_max_torque		host-test	tests/IvpForceActuatorTest.cpp	Changes the runtime per-axis torque cap without altering the scalar template ABI.
IVP_Controller_Motion	set_max_translation_force		host-test	tests/IvpForceActuatorTest.cpp	Changes all three runtime translation-force caps.
IVP_Controller_Motion	set_force_factor		host-test	tests/IvpForceActuatorTest.cpp	Changes the positional gain independently.
IVP_Controller_Motion	set_damp_factor		host-test	tests/IvpForceActuatorTest.cpp	Changes the linear damping independently.
IVP_Controller_Motion	set_torque_factor		host-test	tests/IvpForceActuatorTest.cpp	Changes the orientation gain independently.
IVP_Controller_Motion	set_angular_damp_factor		host-test	tests/IvpForceActuatorTest.cpp	Changes the angular damping independently.
IVP_Controller_Motion	set_target_position_ws		host-test	tests/IvpForceActuatorTest.cpp	An unchanged target remains wakeup-free after the first accepted target wakes the Core.
IVP_Controller_Motion	set_target_object_position_ws		host-test	tests/IvpForceActuatorTest.cpp	A Ballance zero-shift object preserves its supplied world center and wakes the controlled Core exactly once.
IVP_Controller_Motion	set_target_q_world_f_core		host-test	tests/IvpForceActuatorTest.cpp	A changed orientation wakes the Core once while repeating the identical quaternion does not.
IVP_Controller_Golem	IVP_Controller_Golem		host-test	tests/IvpForceActuatorTest.cpp	Constructs the one-core policy controller and registers it with the controlled core.
IVP_Controller_Golem	resolve_for_problem		host-test	tests/IvpForceActuatorTest.cpp	Distance and orientation violations are delivered to the Mod-provided recovery policy.
IVP_Controller_Golem	set_prime_orientation		host-test	tests/IvpForceActuatorTest.cpp	A nontrivial target orientation drives the large-angle policy path.
IVP_Controller_Golem	set_prime_position		host-test	tests/IvpForceActuatorTest.cpp	Moving-target extrapolation and simulation wakeup are exercised.
IVP_Controller_Golem	~IVP_Controller_Golem		host-test	tests/IvpForceActuatorTest.cpp	Destruction unregisters the independent controller before the verified base teardown.
IVP_Real_Object	get_m_world_f_object_AT		ballance-player	tests/player/BallStateRoundTripScenario.cpp	A moving Ball_Wood transform is captured and checked after restoration.
IVP_Real_Object	ensure_in_simulation		ballance-player	tests/player/BallSpeedGovernorScenario.cpp	The governed and restored real ball remains under live Ball Navigation control.
IVP_Ray_Solver	IVP_Ray_Solver		ballance-player	tests/player/BallSurfaceRaycastScenario.cpp	Constructed as the base of live Player ray queries.
IVP_Ray_Solver	check_ray_against_all_objects_in_sim		ballance-player	tests/player/BallSurfaceRaycastScenario.cpp	A live level query hits the expected static polygon.
IVP_Ray_Solver	check_ray_against_compact_ledge_os		ballance-player	tests/player/BallSurfaceRaycastScenario.cpp	The recovered exact object-space ledge body is compared with the live level result through the ABI-correct public wrapper.
IVP_Ray_Solver_Min	IVP_Ray_Solver_Min		ballance-player	tests/player/BallSurfaceRaycastScenario.cpp	Constructed for moving-ball and static-level minimum-hit queries.
IVP_Ray_Solver_Min	get_ray_hit		ballance-player	tests/player/BallSurfaceRaycastScenario.cpp	Hit object, ledge, triangle, normal and distance are checked.
IVP_Ray_Solver_Os	check_ray_against_compact_ledge_os		ballance-player	tests/player/BallSurfaceRaycastScenario.cpp	The recovered exact object-space ledge body reproduces the live static hit distance while the public wrapper restores a stable IVP_BOOL result.
IVP_Template_Constraint	set_ballsocket_ws		ballance-player	tests/player/BallConstraintScenario.cpp	Builds a live world-space ballsocket definition for Ball_Wood.
IVP_Environment	create_constraint		ballance-player	tests/player/BallConstraintScenario.cpp	Creates a live Local constraint in the original environment.
IVP_Constraint_Local	free_translation_axis		ballance-player	tests/player/BallConstraintScenario.cpp	Releasing all three axes makes the constrained ball move again.
IVP_Constraint_Local	get_objectR		ballance-player	tests/player/BallConstraintScenario.cpp	The reference endpoint is checked against the live object mapping.
IVP_Constraint_Local	get_objectA		ballance-player	tests/player/BallConstraintScenario.cpp	The attached endpoint is checked against Ball_Wood.
IVP_Constraint	get_associated_controlled_cores		ballance-player	tests/player/BallConstraintScenario.cpp	The returned collection contains the live ball core.
IVP_Constraint	~IVP_Constraint		ballance-player	tests/player/BallConstraintScenario.cpp	Deleting the live constraint completes without leaving it active.
IVP_Great_Matrix_Many_Zero	invert		nearby-source-basis	C:/Users/kakut/Works/Ballance/physics_RT/ivp	Crout inversion is reconstructed from the neighboring implementation under Ballance row-width checks.
IVP_Great_Matrix_Many_Zero	test_result		nearby-source-basis	C:/Users/kakut/Works/Ballance/physics_RT/ivp/ivp_intern/ivp_great_matrix.cxx	Diagnostic residual output follows the neighboring implementation over the confirmed Ballance row layout.
IVP_Great_Matrix_Many_Zero	matrix_out_before_gauss		nearby-source-basis	C:/Users/kakut/Works/Ballance/physics_RT/ivp/ivp_intern/ivp_great_matrix.cxx	Diagnostic equation output follows the neighboring implementation over the confirmed Ballance row layout.
IVP_Great_Matrix_Many_Zero	matrix_test_unequation		nearby-source-basis	C:/Users/kakut/Works/Ballance/physics_RT/ivp/ivp_intern/ivp_great_matrix.cxx	Diagnostic inequality output follows the neighboring implementation over the confirmed Ballance row layout.
IVP_Great_Matrix_Many_Zero	print_great_matrix		nearby-source-basis	C:/Users/kakut/Works/Ballance/physics_RT/ivp/ivp_intern/ivp_great_matrix.cxx	Matrix printer follows the neighboring implementation over the confirmed Ballance row layout.
IVP_Real_Object	unlink_contact_points_for_object		nearby-source-basis	C:/Users/kakut/Works/Ballance/physics_RT/ivp	The neighboring topology algorithm is constrained by Ballance contact layouts.
IVP_Real_Object	do_radar_checking		nearby-source-basis	C:/Users/kakut/Works/Ballance/physics_RT/ivp	The neighboring radar walk is constrained by Ballance mindist and hull layouts.
IVP_Real_Object	disable_simulation		nearby-source-basis	C:/Users/kakut/Works/Ballance/physics_RT/ivp	The neighboring freeze path is adapted to the Ballance core state layout.
IVP_Environment	reset_time		nearby-source-basis	C:/Users/kakut/Works/Ballance/physics_RT/ivp	The neighboring rebase algorithm is constrained by retained Ballance manager accesses.
IVP_Environment	add_listener_object_private		nearby-source-basis	C:/Users/kakut/Works/Ballance/physics_RT/ivp	The link-stripped listener helper is reconstructed from the neighboring implementation.
IVP_Environment	remove_listener_object_private		nearby-source-basis	C:/Users/kakut/Works/Ballance/physics_RT/ivp	The link-stripped listener helper is reconstructed from the neighboring implementation.
IVP_Environment	create_force		nearby-source-basis	C:/Users/kakut/Works/Ballance/physics_RT/ivp	The link-stripped factory follows the neighboring ownership contract.
IVP_Environment	create_torque		nearby-source-basis	C:/Users/kakut/Works/Ballance/physics_RT/ivp	The link-stripped factory follows the neighboring ownership contract.
IVP_Environment	create_rotmot		nearby-source-basis	C:/Users/kakut/Works/Ballance/physics_RT/ivp	The link-stripped factory follows the neighboring ownership contract.
IVP_Environment	create_check_dist		nearby-source-basis	C:/Users/kakut/Works/Ballance/physics_RT/ivp	The link-stripped factory follows the neighboring ownership contract.
IVP_Environment	create_stabilizer		nearby-source-basis	C:/Users/kakut/Works/Ballance/physics_RT/ivp	The link-stripped factory follows the neighboring ownership contract.
IVP_Environment	create_suspension		nearby-source-basis	C:/Users/kakut/Works/Ballance/physics_RT/ivp	The link-stripped factory follows the neighboring ownership contract.
IVP_Actuator_Force	set_force		nearby-source-basis	C:/Users/kakut/Works/Ballance/physics_RT/ivp	Short setter reconstructed from the neighboring public implementation.
IVP_Actuator_Force	get_force		nearby-source-basis	C:/Users/kakut/Works/Ballance/physics_RT/ivp	Short query reconstructed from the neighboring public implementation.
IVP_Actuator_Force	do_simulation_controller		nearby-source-basis	C:/Users/kakut/Works/Ballance/physics_RT/ivp	Impulse algorithm reconstructed under Ballance anchor/core layout constraints.
IVP_Actuator_Torque	set_torque		nearby-source-basis	C:/Users/kakut/Works/Ballance/physics_RT/ivp	Short setter reconstructed from the neighboring public implementation.
IVP_Actuator_Torque	get_torque		nearby-source-basis	C:/Users/kakut/Works/Ballance/physics_RT/ivp	Short query reconstructed from the neighboring public implementation.
IVP_Actuator_Torque	set_max_rotation_speed		nearby-source-basis	C:/Users/kakut/Works/Ballance/physics_RT/ivp	Speed-limit setter reconstructed from the neighboring public implementation.
IVP_Actuator_Rot_Mot	set_power		nearby-source-basis	C:/Users/kakut/Works/Ballance/physics_RT/ivp	Short setter reconstructed from the neighboring public implementation.
IVP_Actuator_Rot_Mot	get_power		nearby-source-basis	C:/Users/kakut/Works/Ballance/physics_RT/ivp	Short query reconstructed from the neighboring public implementation.
IVP_Actuator_Rot_Mot	do_simulation_controller		nearby-source-basis	C:/Users/kakut/Works/Ballance/physics_RT/ivp	Power-to-torque algorithm reconstructed under Ballance core layout constraints.
IVP_Controller_Stiff_Spring	add_listener_stiff_spring		nearby-source-basis	C:/Users/kakut/Works/Ballance/physics_RT/ivp	Listener lifecycle reconstructed from the link-stripped neighboring implementation.
IVP_Controller_Stiff_Spring	get_spring_length_zero_force		nearby-source-basis	C:/Users/kakut/Works/Ballance/physics_RT/ivp	Short query reconstructed from the neighboring public implementation.
IVP_Controller_Stiff_Spring	get_constant		nearby-source-basis	C:/Users/kakut/Works/Ballance/physics_RT/ivp	Short query reconstructed from the neighboring public implementation.
IVP_Controller_Stiff_Spring	get_damp_factor		nearby-source-basis	C:/Users/kakut/Works/Ballance/physics_RT/ivp	Short query reconstructed from the neighboring public implementation.
IVP_Actuator_Check_Dist	set_range		nearby-source-basis	C:/Users/kakut/Works/Ballance/physics_RT/ivp	Threshold and hull update logic is reconstructed from the neighboring implementation.
IVP_Actuator_Check_Dist	add_listener_check_dist_event		nearby-source-basis	C:/Users/kakut/Works/Ballance/physics_RT/ivp	Listener insertion is reconstructed from the neighboring implementation.
IVP_Actuator_Stabilizer	set_stabi_constant		nearby-source-basis	C:/Users/kakut/Works/Ballance/physics_RT/ivp	Short setter reconstructed from the neighboring public implementation.
IVP_Actuator_Suspension	do_simulation_controller		nearby-source-basis	C:/Users/kakut/Works/Ballance/physics_RT/ivp	Vehicle-specific asymmetric impulse algorithm is reconstructed from the neighboring implementation.
IVP_Actuator_Suspension	set_spring_damp_compression		nearby-source-basis	C:/Users/kakut/Works/Ballance/physics_RT/ivp	Short setter reconstructed from the neighboring public implementation.
IVP_Actuator_Suspension	set_max_body_force		nearby-source-basis	C:/Users/kakut/Works/Ballance/physics_RT/ivp	Short setter reconstructed from the neighboring public implementation.
IVP_Attacher_To_Cores	IVP_Attacher_To_Cores		nearby-source-basis	C:/Users/kakut/Works/Ballance/physics_RT/ivp	Public template lifecycle is reconstructed from the neighboring header implementation.
IVP_Attacher_To_Cores	attachment_is_going_to_be_deleted		nearby-source-basis	C:/Users/kakut/Works/Ballance/physics_RT/ivp	Public template callback is reconstructed from the neighboring header implementation.
IVP_Ray_Solver	IVP_Ray_Solver		nearby-source-basis	C:/Users/kakut/Works/Ballance/physics_RT/ivp	Constructor semantics use the neighboring implementation under retained ray-layout evidence.
IVP_Ray_Solver	check_ray_against_compact_ledge_os		nearby-source-basis	C:/Users/kakut/Works/Ballance/physics_RT/ivp	Wrapper and object-space conversion follow the neighboring algorithm.
IVP_Ray_Solver_Min	IVP_Ray_Solver_Min		nearby-source-basis	C:/Users/kakut/Works/Ballance/physics_RT/ivp	Minimum-hit listener setup follows the neighboring implementation.
IVP_Ray_Solver_Min	get_ray_hit		nearby-source-basis	C:/Users/kakut/Works/Ballance/physics_RT/ivp	Short result query follows the neighboring public implementation.
IVP_Ray_Solver_Os	check_ray_against_compact_ledge_os		nearby-source-basis	C:/Users/kakut/Works/Ballance/physics_RT/ivp	The neighboring declaration supplies the source-level IVP_BOOL result contract; Ballance retains the collision body with a void-return code-generation variant.
IVP_Ray_Solver_Os	check_ray_against_compact_ledge_os		retail-body-variant	docs/zh-CN/ivp-retail-differences.md	RVA 0x21AB0 is the exact ledge-intersection body called by retained ledgetree traversal RVA 0x21EE0. Every exit uses RET 4 but EAX is not normalized to IVP_BOOL, so the wrapper invokes it as void and derives true/false from a forwarding hit-listener callback.
IVP_Ray_Solver_Os	check_ray_against_compact_ledge_os		host-test	tests/IvpRetailContactLifecycleTest.cpp	Exact-DLL triangle hit and miss rays validate the recovered Boolean result, callback payload, hit distance and normal while retaining the original Mod listener across the call; a tetrahedron covers the general convex-ledge branch.
IVP_Template_Constraint	set_ballsocket_ws		nearby-source-basis	C:/Users/kakut/Works/Ballance/physics_RT/ivp	Template helper follows the neighboring implementation under retail constructor reads.
IVP_Template_Suspension	IVP_Template_Suspension		nearby-source-basis	C:/Users/kakut/Works/Ballance/physics_RT/ivp	Link-stripped defaults are reconstructed from the neighboring implementation.
IVP_Template_Controller_Golem	IVP_Template_Controller_Golem		nearby-source-basis	C:/Users/kakut/Works/Ballance/physics_RT/ivp	Link-stripped defaults come from the neighboring implementation and are not retail-proven.
IVP_Controller_Golem	IVP_Controller_Golem		nearby-source-basis	C:/Users/kakut/Works/Ballance/physics_RT/ivp	Link-stripped construction and control-state initialization follow the neighboring implementation over the verified Motion/Core ABI.
IVP_Controller_Golem	set_prime_orientation		nearby-source-basis	C:/Users/kakut/Works/Ballance/physics_RT/ivp	Link-stripped orientation target setup follows the neighboring implementation.
IVP_Controller_Golem	set_prime_position		nearby-source-basis	C:/Users/kakut/Works/Ballance/physics_RT/ivp	Link-stripped position target setup follows the neighboring implementation.
IVP_Controller_Golem	~IVP_Controller_Golem		nearby-source-basis	C:/Users/kakut/Works/Ballance/physics_RT/ivp	The derived destructor is intentionally empty before verified Motion/base teardown.
IVP_Template_Constraint_Fixed_Keyframed	IVP_Template_Constraint_Fixed_Keyframed		nearby-source-basis	C:/Users/kakut/Works/Ballance/physics_RT/ivp	The inline no-tail constructor follows the neighboring public declaration.
IVP_Constraint_Fixed_Keyframed	*		layout-ida-only	tools/ivp/Apply-BallanceIvpIdbCorrections.py	The 0xE0 field layout matches the imported Ballance UDT and nearby declaration; no class-specific retail body or vtable survives.
IVP_Constraint_Fixed_Keyframed	IVP_Constraint_Fixed_Keyframed		nearby-source-basis	C:/Users/kakut/Works/Ballance/physics_RT/ivp	Link-stripped construction is selectively rebuilt over Ballance-confirmed cache, core and controller-manager ABI.
IVP_Constraint_Fixed_Keyframed	get_environment		nearby-source-basis	C:/Users/kakut/Works/Ballance/physics_RT/ivp	The inline getter returns the environment field at imported offset 0x34.
IVP_Constraint_Fixed_Keyframed	set_prime_orientation_Ros		nearby-source-basis	C:/Users/kakut/Works/Ballance/physics_RT/ivp	Relative-orientation key setup and interpolation state follow the neighboring implementation.
IVP_Constraint_Fixed_Keyframed	set_prime_position_Ros		nearby-source-basis	C:/Users/kakut/Works/Ballance/physics_RT/ivp	Relative-position key setup follows the neighboring implementation.
IVP_Constraint_Fixed_Keyframed	~IVP_Constraint_Fixed_Keyframed		nearby-source-basis	C:/Users/kakut/Works/Ballance/physics_RT/ivp	The derived destructor silently unregisters the dependent controller before base teardown.
IVP_Constraint_Fixed_Keyframed	IVP_Constraint_Fixed_Keyframed		host-test	tests/IvpForceActuatorTest.cpp	Construction captures the initial relative transform, registers both movable cores and announces the controller.
IVP_Constraint_Fixed_Keyframed	get_environment		host-test	tests/IvpForceActuatorTest.cpp	The relative-frame scenario verifies the public environment query.
IVP_Constraint_Fixed_Keyframed	set_prime_orientation_Ros		host-test	tests/IvpForceActuatorTest.cpp	A relative orientation key produces balanced opposite angular impulses.
IVP_Constraint_Fixed_Keyframed	set_prime_position_Ros		host-test	tests/IvpForceActuatorTest.cpp	A reference-space position key closes a world-space separation while conserving linear momentum.
IVP_Constraint_Fixed_Keyframed	~IVP_Constraint_Fixed_Keyframed		host-test	tests/IvpForceActuatorTest.cpp	Both scenarios verify silent unregister and controller base teardown.
IVP_Forcefield	*		layout-ida-only	tools/ivp/Apply-BallanceIvpIdbCorrections.py	The imported 0x10 Ballance UDT and nearby declaration agree on both protected base subobjects, the active-core-set pointer and owner flag; no Forcefield-specific retail body or vtable survives.
IVP_Forcefield	~IVP_Forcefield		nearby-source-basis	C:/Users/kakut/Works/Ballance/physics_RT/ivp	The link-stripped dynamic-core-set lifecycle is selectively reconstructed over retail-confirmed listener and independent-controller base ABIs.
IVP_Forcefield	~IVP_Forcefield		host-test	tests/IvpCoreAttachmentLifecycleTest.cpp	Changing-set and owning-set scenarios verify per-core unregister, listener teardown, self-deletion and controller-base destruction.
IVP_Raycast_Car_Axis	*		layout-ida-only	tools/ivp/Apply-BallanceIvpIdbCorrections.py	The imported Ballance UDT is one stabilizer float with size 0x04; no class-specific retail body survives.
IVP_Raycast_Car_Wheel	*		layout-ida-only	tools/ivp/Apply-BallanceIvpIdbCorrections.py	The imported Ballance UDT fixes the raycast wheel state layout at 0x7C; no class-specific retail body survives.
IVP_Raycast_Car_Wheel_Temp	*		layout-ida-only	tools/ivp/Apply-BallanceIvpIdbCorrections.py	The imported Ballance UDT fixes the aligned per-ray temporary state layout at 0x98; no class-specific retail body survives.
IVP_Controller_Raycast_Car_Vector_of_Cores_1	*		layout-ida-only	tools/ivp/Apply-BallanceIvpIdbCorrections.py	The imported Ballance UDT and nearby declaration agree on an 0x08 vector base followed by one inline pointer cell, for total size 0x0C.
IVP_Controller_Raycast_Car_Vector_of_Cores_1	IVP_Controller_Raycast_Car_Vector_of_Cores_1		nearby-source-basis	C:/Users/kakut/Works/Ballance/physics_RT/ivp	The source-inline constructor binds capacity one to the pointer cell immediately after the vector base.
IVP_Controller_Raycast_Car_Vector_of_Cores_1	IVP_Controller_Raycast_Car_Vector_of_Cores_1		host-test	tests/IvpCarGeometryTest.cpp	A controlled-core list retains its inline first element and preserves order when the second core moves the vector to engine-managed storage.
IVP_Controller_Raycast_Car	*		layout-ida-only	tools/ivp/Apply-BallanceIvpIdbCorrections.py	The imported Ballance UDT fixes the two base subobjects and all fields through the 0x308 debug block at total size 0x958; no class-specific body or vtable survives in retail code.
IVP_Controller_Raycast_Car	set_powerslide	?set_powerslide@IVP_Controller_Raycast_Car@@UAEXMM@Z	ida-virtual-variant	build-dev/ida-main-raycast-car-vtable-type.log	The neighboring revision overrides a virtual base slot, while the imported Ballance primary vtable omits that slot; the compatibility declaration is deliberately non-virtual.
IVP_Controller_Raycast_Car	do_steering	?do_steering@IVP_Controller_Raycast_Car@@UAEXM_N@Z	ida-virtual-variant	build-dev/ida-main-raycast-car-vtable-type.log	The neighboring revision's two-argument virtual is absent from the imported Ballance primary table, whose steering slot takes one float; this overload remains non-virtual.
IVP_Controller_Raycast_Car	get_booster_time_to_go	?get_booster_time_to_go@IVP_Controller_Raycast_Car@@UAEMXZ	ida-virtual-variant	build-dev/ida-main-raycast-car-vtable-type.log	The neighboring revision overrides a virtual query that is absent from the imported Ballance primary vtable; the source-compatible query does not add a slot.
IVP_Controller_Raycast_Car	IVP_Controller_Raycast_Car		nearby-source-basis	C:/Users/kakut/Works/Ballance/physics_RT/ivp	The link-stripped constructor is selectively reconstructed over the imported 0x958 Ballance layout and retail-confirmed object/controller-manager boundaries.
IVP_Controller_Raycast_Car	~IVP_Controller_Raycast_Car		nearby-source-basis	C:/Users/kakut/Works/Ballance/physics_RT/ivp	The link-stripped destructor silently unregisters the dependent-controller subobject before verified controller-base teardown.
IVP_Controller_Raycast_Car	do_steering_wheel		nearby-source-basis	C:/Users/kakut/Works/Ballance/physics_RT/ivp	Wheel-axis rotation follows the neighboring implementation over the imported wheel layout.
IVP_Controller_Raycast_Car	change_spring_constant		nearby-source-basis	C:/Users/kakut/Works/Ballance/physics_RT/ivp	The public wheel spring setter follows the neighboring implementation.
IVP_Controller_Raycast_Car	change_spring_dampening		nearby-source-basis	C:/Users/kakut/Works/Ballance/physics_RT/ivp	The public rebound-damping setter follows the neighboring implementation.
IVP_Controller_Raycast_Car	change_spring_dampening_compression		nearby-source-basis	C:/Users/kakut/Works/Ballance/physics_RT/ivp	The public compression-damping setter follows the neighboring implementation.
IVP_Controller_Raycast_Car	change_max_body_force		nearby-source-basis	C:/Users/kakut/Works/Ballance/physics_RT/ivp	The neighboring public header defines this revision's operation as an intentional no-op.
IVP_Controller_Raycast_Car	change_spring_pre_tension		nearby-source-basis	C:/Users/kakut/Works/Ballance/physics_RT/ivp	Pretension conversion follows the neighboring implementation and imported wheel geometry fields.
IVP_Controller_Raycast_Car	change_spring_length		nearby-source-basis	C:/Users/kakut/Works/Ballance/physics_RT/ivp	The public spring-length setter follows the neighboring implementation.
IVP_Controller_Raycast_Car	change_stabilizer_constant		nearby-source-basis	C:/Users/kakut/Works/Ballance/physics_RT/ivp	The axle stabilizer setter follows the neighboring implementation.
IVP_Controller_Raycast_Car	change_fast_turn_factor		nearby-source-basis	C:/Users/kakut/Works/Ballance/physics_RT/ivp	The neighboring implementation leaves the obsolete fast-turn control as an intentional no-op.
IVP_Controller_Raycast_Car	change_wheel_torque		nearby-source-basis	C:/Users/kakut/Works/Ballance/physics_RT/ivp	Torque assignment and dependent-controller wakeup follow the neighboring implementation over a retail-confirmed manager call.
IVP_Controller_Raycast_Car	update_body_countertorque		nearby-source-basis	C:/Users/kakut/Works/Ballance/physics_RT/ivp	The neighboring public header defines this revision's operation as an intentional no-op.
IVP_Controller_Raycast_Car	update_throttle		nearby-source-basis	C:/Users/kakut/Works/Ballance/physics_RT/ivp	The neighboring public header defines this revision's operation as an intentional no-op.
IVP_Controller_Raycast_Car	change_body_downforce		nearby-source-basis	C:/Users/kakut/Works/Ballance/physics_RT/ivp	The downforce state setter follows the neighboring implementation; the neighboring simulation body does not consume this field.
IVP_Controller_Raycast_Car	fix_wheel		nearby-source-basis	C:/Users/kakut/Works/Ballance/physics_RT/ivp	Wheel locking state follows the neighboring implementation.
IVP_Controller_Raycast_Car	get_body_speed		nearby-source-basis	C:/Users/kakut/Works/Ballance/physics_RT/ivp	Forward-axis body-speed projection follows the neighboring implementation over the retail-confirmed core matrix.
IVP_Controller_Raycast_Car	get_wheel_angular_velocity		nearby-source-basis	C:/Users/kakut/Works/Ballance/physics_RT/ivp	The wheel angular-velocity query follows the neighboring implementation.
IVP_Controller_Raycast_Car	get_orig_front_wheel_distance		nearby-source-basis	C:/Users/kakut/Works/Ballance/physics_RT/ivp	Track-width calculation follows the neighboring implementation over imported wheel positions.
IVP_Controller_Raycast_Car	get_orig_axles_distance		nearby-source-basis	C:/Users/kakut/Works/Ballance/physics_RT/ivp	Wheelbase calculation follows the neighboring implementation over imported wheel positions.
IVP_Controller_Raycast_Car	get_skid_info		nearby-source-basis	C:/Users/kakut/Works/Ballance/physics_RT/ivp	This raycast revision reports zeroed skid state exactly as the neighboring implementation does.
IVP_Controller_Raycast_Car	set_powerslide		nearby-source-basis	C:/Users/kakut/Works/Ballance/physics_RT/ivp	The later-revision compatibility operation is an intentional no-op in the neighboring implementation.
IVP_Controller_Raycast_Car	do_steering		nearby-source-basis	C:/Users/kakut/Works/Ballance/physics_RT/ivp	The two-argument compatibility overload delegates to Ballance's one-float steering behavior; the unused analog flag matches the neighboring implementation.
IVP_Controller_Raycast_Car	set_booster_acceleration		nearby-source-basis	C:/Users/kakut/Works/Ballance/physics_RT/ivp	Booster acceleration assignment follows the neighboring implementation.
IVP_Controller_Raycast_Car	activate_booster		nearby-source-basis	C:/Users/kakut/Works/Ballance/physics_RT/ivp	Ignition, active-boost rejection and recharge timing follow the neighboring implementation.
IVP_Controller_Raycast_Car	update_booster		nearby-source-basis	C:/Users/kakut/Works/Ballance/physics_RT/ivp	The neighboring public header defines this external update hook as an intentional no-op; simulation advances its internal timers.
IVP_Controller_Raycast_Car	get_booster_delay		nearby-source-basis	C:/Users/kakut/Works/Ballance/physics_RT/ivp	The recharge-delay query follows the neighboring implementation.
IVP_Controller_Raycast_Car	get_booster_time_to_go		nearby-source-basis	C:/Users/kakut/Works/Ballance/physics_RT/ivp	The active-boost-time query follows the neighboring implementation but is non-virtual under Ballance's imported vtable evidence.
IVP_Controller_Raycast_Car	SetCarSystemDebugData		nearby-source-basis	C:/Users/kakut/Works/Ballance/physics_RT/ivp	Only ray origins, endpoints and impact distances are copied, matching the neighboring implementation and Ballance's shorter debug block.
IVP_Controller_Raycast_Car	GetCarSystemDebugData		nearby-source-basis	C:/Users/kakut/Works/Ballance/physics_RT/ivp	Only ray origins, endpoints and impact distances are copied, matching the neighboring implementation and Ballance's shorter debug block.
IVP_Controller_Raycast_Car	IVP_Controller_Raycast_Car		host-test	tests/IvpCarGeometryTest.cpp	A four-wheel Ballance-style setup verifies object-space wheel geometry, normalized gravity, controller registration, secondary-base pointer adjustment and teardown.
IVP_Controller_Raycast_Car	~IVP_Controller_Raycast_Car		host-test	tests/IvpCarGeometryTest.cpp	The vehicle lifecycle verifies silent unregister with the adjusted dependent-controller pointer and exact-once controller-base teardown.
IVP_Controller_Raycast_Car	do_steering_wheel		host-test	tests/IvpCarGeometryTest.cpp	The steering scenario verifies front-wheel axes rotate around the configured vertical axis while rear wheels remain straight.
IVP_Controller_Raycast_Car	change_spring_constant		host-test	tests/IvpCarGeometryTest.cpp	The vehicle tuning scenario verifies the selected wheel's spring constant changes independently.
IVP_Controller_Raycast_Car	change_spring_dampening		host-test	tests/IvpCarGeometryTest.cpp	The vehicle tuning scenario verifies rebound damping at the selected wheel.
IVP_Controller_Raycast_Car	change_spring_dampening_compression		host-test	tests/IvpCarGeometryTest.cpp	The vehicle tuning scenario verifies compression damping at the selected wheel.
IVP_Controller_Raycast_Car	change_spring_pre_tension		host-test	tests/IvpCarGeometryTest.cpp	The vehicle tuning scenario verifies gravity-directed pretension conversion.
IVP_Controller_Raycast_Car	change_spring_length		host-test	tests/IvpCarGeometryTest.cpp	The vehicle tuning scenario verifies direct spring-length control.
IVP_Controller_Raycast_Car	change_stabilizer_constant		host-test	tests/IvpCarGeometryTest.cpp	The vehicle tuning scenario verifies independent front-axle stabilizer control.
IVP_Controller_Raycast_Car	change_wheel_torque		host-test	tests/IvpCarGeometryTest.cpp	Rear-wheel drive torque updates the selected wheel and wakes the dependent controller.
IVP_Controller_Raycast_Car	change_body_downforce		host-test	tests/IvpCarGeometryTest.cpp	The vehicle tuning scenario verifies the stored downforce control state.
IVP_Controller_Raycast_Car	fix_wheel		host-test	tests/IvpCarGeometryTest.cpp	The vehicle control scenario verifies rear-wheel locking state.
IVP_Controller_Raycast_Car	get_body_speed		host-test	tests/IvpCarGeometryTest.cpp	An identity-oriented moving body reports its forward-axis speed.
IVP_Controller_Raycast_Car	get_wheel_angular_velocity		host-test	tests/IvpCarGeometryTest.cpp	A newly initialized wheel reports zero angular velocity.
IVP_Controller_Raycast_Car	get_orig_front_wheel_distance		host-test	tests/IvpCarGeometryTest.cpp	A four-wheel 1.6-unit track verifies the imported wheel-position geometry.
IVP_Controller_Raycast_Car	get_orig_axles_distance		host-test	tests/IvpCarGeometryTest.cpp	A four-wheel 2.6-unit wheelbase verifies the imported wheel-position geometry.
IVP_Controller_Raycast_Car	get_skid_info		host-test	tests/IvpCarGeometryTest.cpp	The raycast vehicle returns initialized no-skid state for all four active wheels.
IVP_Controller_Raycast_Car	do_steering		host-test	tests/IvpCarGeometryTest.cpp	The later two-argument compatibility call drives Ballance's one-float steering path and wakes the controller.
IVP_Controller_Raycast_Car	set_booster_acceleration		host-test	tests/IvpCarGeometryTest.cpp	The vehicle control scenario verifies direct booster acceleration state.
IVP_Controller_Raycast_Car	activate_booster		host-test	tests/IvpCarGeometryTest.cpp	The vehicle control scenario verifies ignition duration, recharge delay and rejection of a second ignition while active.
IVP_Controller_Raycast_Car	get_booster_delay		host-test	tests/IvpCarGeometryTest.cpp	The vehicle control scenario verifies the combined boost and recharge interval.
IVP_Controller_Raycast_Car	get_booster_time_to_go		host-test	tests/IvpCarGeometryTest.cpp	The vehicle control scenario verifies active boost duration without adding a Ballance vtable slot.
IVP_Controller_Raycast_Car	SetCarSystemDebugData		host-test	tests/IvpCarGeometryTest.cpp	A ray-visualization round trip verifies the shortened Ballance debug payload and excludes later actuator vectors.
IVP_Controller_Raycast_Car	GetCarSystemDebugData		host-test	tests/IvpCarGeometryTest.cpp	A ray-visualization round trip verifies the shortened Ballance debug payload and preserves non-ray output fields.
IVP_Environment	add_draw_vector	?add_draw_vector@IVP_Environment@@QAEXPBVIVP_U_Point@@PBVIVP_U_Float_Point@@PBDH@Z	nearby-source-basis	C:/Users/kakut/Works/Ballance/physics_RT/ivp/ivp_intern/ivp_environment.cxx	The link-stripped method is reconstructed over Ballance's retained draw_vectors field and retail node/string allocator boundaries.
IVP_Environment	add_draw_vector	?add_draw_vector@IVP_Environment@@QAEXPBVIVP_U_Point@@PBVIVP_U_Float_Point@@PBDH@Z	host-test	tests/IvpRetailContactLifecycleTest.cpp	A real Ballance Environment receives gravity/contact visualization nodes with copied labels and LIFO order through the reconstructed add helper before the retained DLL teardown consumes them.
IVP_Environment	delete_draw_vector_debug	?delete_draw_vector_debug@IVP_Environment@@QAEXXZ	retail-complete-body	physics_RT.dll RVA 0x13940	The anonymous retained body walks Environment+0x168, frees each text pointer at node+0x4C, invokes the complete node destructor and retail operator delete, then clears the list head.
IVP_Environment	delete_draw_vector_debug	?delete_draw_vector_debug@IVP_Environment@@QAEXXZ	host-test	tests/IvpRetailContactLifecycleTest.cpp	The retained RVA 0x13940 tears down two retail-allocated nodes and labels on a real Ballance Environment, clears +0x168, and leaves the Environment safe for its exact destructor.
IVP_Anchor	move_anchor	?move_anchor@IVP_Anchor@@QAEPAV1@PAVIVP_U_Point@@@Z	nearby-source-basis	C:/Users/kakut/Works/Ballance/physics_RT/ivp/ivp_controller/ivp_actuator.cxx	The link-stripped move operation reuses init_anchor's object-space and core-space transform invariant over Ballance's retained Anchor layout and transform entry points.
IVP_Anchor	move_anchor	?move_anchor@IVP_Anchor@@QAEPAV1@PAVIVP_U_Point@@@Z	host-test	tests/IvpForceActuatorTest.cpp	A translated object/core frame verifies both coordinate representations while object, actuator, and intrusive-list ownership remain unchanged.
IVP_Incr_L_U_Matrix	debug_print_l_u	?debug_print_l_u@IVP_Incr_L_U_Matrix@@QAEXXZ	nearby-source-basis	C:/Users/kakut/Works/Ballance/physics_RT/ivp/ivp_intern/ivp_great_matrix.cxx	The complete neighboring diagnostic body only reads the Ballance-compatible 0x30 incremental-LU layout and is reproduced without a fabricated retail RVA.
IVP_Incr_L_U_Matrix	exchange_columns_l_u	?exchange_columns_l_u@IVP_Incr_L_U_Matrix@@QAEXHH@Z	host-test	tests/IvpContactMatrixTest.cpp	A three-contact active-set reorder verifies that the stripped convenience method dispatches Ballance's retained L and U column-exchange bodies in order and preserves aligned row padding.
IVP_Incr_L_U_Matrix	debug_print_a	?debug_print_a@IVP_Incr_L_U_Matrix@@QAEXXZ	nearby-source-basis	C:/Users/kakut/Works/Ballance/physics_RT/ivp/ivp_intern/ivp_great_matrix.cxx	The neighboring diagnostic reconstructs A as inverse(L) times U. The compatibility body preserves that algorithm while replacing the asserted allocating matrix constructor with caller-module temporary buffers and Ballance's retained default constructor.
IVP_Incr_L_U_Matrix	debug_print_a	?debug_print_a@IVP_Incr_L_U_Matrix@@QAEXXZ	host-test	tests/IvpContactMatrixTest.cpp	A nontrivial two-contact factorization verifies that the diagnostic emits the original coupled matrix rather than merely printing either factor.
IVP_Great_Matrix_Many_Zero	get_number_null_lines	?get_number_null_lines@IVP_Great_Matrix_Many_Zero@@QAEHXZ	host-test	tests/IvpContactMatrixTest.cpp	A rank-deficient three-contact matrix verifies that the reconstructed read-only helper counts complete epsilon-null equations, does not confuse a zero diagonal with a null row, and ignores aligned padding.
IVP_Incr_L_U_Matrix	delete_row_and_col_l_u	?delete_row_and_col_l_u@IVP_Incr_L_U_Matrix@@QAEXH@Z	host-test	tests/IvpContactMatrixTest.cpp	The legacy void API is verified as a thin adapter to Ballance's retained decrement_l_u body. A separate exact-retail-DLL case decomposes a coupled three-contact matrix, deletes its middle variable, and recovers the expected two-contact submatrix.
IVP_U_Hesse	calc_hesse	?calc_hesse@IVP_U_Hesse@@QAEXPBVIVP_U_Point@@00@Z	host-test	tests/IvpRetailContactLifecycleTest.cpp	The exact retail body builds a Ballance contact support plane from three double-precision points and preserves the original unnormalized area-vector magnitude in all four coefficients.
IVP_U_Hesse	normize	?normize@IVP_U_Hesse@@QAEXXZ	host-test	tests/IvpRetailContactLifecycleTest.cpp	The exact retail body normalizes a deliberately scaled contact plane, including its offset coefficient at +0x18.
IVP_U_Hesse	proj_on_plane	?proj_on_plane@IVP_U_Hesse@@QBEXPBVIVP_U_Point@@PAV2@@Z	host-test	tests/IvpRetailContactLifecycleTest.cpp	The exact retail body projects a candidate contact point onto the reconstructed support plane and yields zero signed distance.
IVP_U_Quat	set_quaternion	?set_quaternion@IVP_U_Quat@@QAEXPBVIVP_U_Matrix3@@@Z	host-test	tests/IvpRetailContactLifecycleTest.cpp	The exact retail body converts a nontrivial Ballance Core/Object orientation matrix into its four-double quaternion representation.
IVP_U_Quat	normize_quat	?normize_quat@IVP_U_Quat@@QAEXXZ	host-test	tests/IvpRetailContactLifecycleTest.cpp	The exact retail body restores the unit length of an orientation quaternion after all four components are perturbed like an integration step.
IVP_U_Quat	set_matrix	?set_matrix@IVP_U_Quat@@QBEXPAVIVP_U_Matrix3@@@Z	host-test	tests/IvpRetailContactLifecycleTest.cpp	The exact retail body reconstructs the original contact-frame orientation matrix from the normalized quaternion within float-angle input precision.
IVP_VHash_Store	IVP_VHash_Store	??0IVP_VHash_Store@@QAE@H@Z	host-test	tests/IvpRetailContactLifecycleTest.cpp	The exact retail constructor allocates the same dynamic pointer-keyed counter store used by Phantom mindist tracking.
IVP_VHash_Store	~IVP_VHash_Store		host-test	tests/IvpRetailContactLifecycleTest.cpp	The exact retail destructor releases the dynamically rehashed counter storage through the DLL allocator boundary.
IVP_VHash_Store	add_elem	?add_elem@IVP_VHash_Store@@QAEXPAX0@Z	host-test	tests/IvpRetailContactLifecycleTest.cpp	Three Phantom-style object counters are inserted into a four-slot store, forcing the exact retained add/rehash path to preserve all associations.
IVP_VHash_Store	find_elem	?find_elem@IVP_VHash_Store@@QAEPAXPAX@Z	host-test	tests/IvpRetailContactLifecycleTest.cpp	The exact retail lookup finds every object counter after rehash and rejects the removed object key.
IVP_VHash_Store	change_elem	?change_elem@IVP_VHash_Store@@QAEXPAX0@Z	host-test	tests/IvpRetailContactLifecycleTest.cpp	The exact retail update changes one tracked object's mindist count without disturbing neighboring entries.
IVP_VHash_Store	remove_elem	?remove_elem@IVP_VHash_Store@@QAEPAXPAX@Z	host-test	tests/IvpRetailContactLifecycleTest.cpp	The exact retail removal returns the former counter, closes the probe chain and decrements the active object count.
IVP_Cache_Object	transform_position_to_object_coords	?transform_position_to_object_coords@IVP_Cache_Object@@QBEXPBVIVP_U_Point@@PAV2@@Z	host-test	tests/IvpRetailContactLifecycleTest.cpp	The exact retail cache transform maps a world contact point back to its original Core/Object coordinates.
IVP_Cache_Object	transform_position_to_world_coords	?transform_position_to_world_coords@IVP_Cache_Object@@QBEXPBVIVP_U_Float_Point@@PAVIVP_U_Point@@@Z	host-test	tests/IvpRetailContactLifecycleTest.cpp	The exact mixed-precision retail transform maps a float local contact point through the cached double world matrix.
IVP_Cache_Object	transform_vector_to_object_coords	?transform_vector_to_object_coords@IVP_Cache_Object@@QBEXPBVIVP_U_Point@@PAV2@@Z	host-test	tests/IvpRetailContactLifecycleTest.cpp	The exact double-vector inverse transform round-trips a collision direction without applying cached translation.
IVP_Cache_Object	transform_vector_to_world_coords	?transform_vector_to_world_coords@IVP_Cache_Object@@QBEXPBVIVP_U_Point@@PAV2@@Z	host-test	tests/IvpRetailContactLifecycleTest.cpp	The exact double-vector forward transform maps a Core/Object collision direction to world space.
IVP_Cache_Object	transform_vector_to_object_coords	?transform_vector_to_object_coords@IVP_Cache_Object@@QBEXPBVIVP_U_Float_Point@@PAV2@@Z	host-test	tests/IvpRetailContactLifecycleTest.cpp	The exact float-vector inverse transform round-trips the compact collision direction within binary32 precision.
IVP_Cache_Object	transform_vector_to_world_coords	?transform_vector_to_world_coords@IVP_Cache_Object@@QBEXPBVIVP_U_Float_Point@@PAV2@@Z	host-test	tests/IvpRetailContactLifecycleTest.cpp	The exact float-vector forward transform exercises the cached rotation path used by compact geometry.
IVP_Cache_Object_Manager	IVP_Cache_Object_Manager	??0IVP_Cache_Object_Manager@@QAE@H@Z	host-test	tests/IvpRetailContactLifecycleTest.cpp	The exact retail manager constructor allocates a four-entry zeroed cache ring with the Ballance 0xD0 object stride.
IVP_Cache_Object_Manager	~IVP_Cache_Object_Manager		host-test	tests/IvpRetailContactLifecycleTest.cpp	The exact retail manager destructor traverses the same four 0xD0 entries and releases the DLL-owned cache buffer once.
IVP_U_Min_Hash	IVP_U_Min_Hash	??0IVP_U_Min_Hash@@QAE@H@Z	host-test	tests/IvpRetailContactLifecycleTest.cpp	The exact retail constructor creates the eight-bucket minimum tree used to schedule Ballance mindist events.
IVP_U_Min_Hash	~IVP_U_Min_Hash		host-test	tests/IvpRetailContactLifecycleTest.cpp	The exact retail destructor releases the remaining scheduled event and both DLL-owned pointer arrays.
IVP_U_Min_Hash	add	?add@IVP_U_Min_Hash@@QAEXPAXN@Z	host-test	tests/IvpRetailContactLifecycleTest.cpp	The exact retail add body inserts three distinct mindist identities with nontrivial event times.
IVP_U_Min_Hash	change_value		host-test	tests/IvpRetailContactLifecycleTest.cpp	The category-2 remove-plus-add reconstruction moves the former earliest event behind both other mindists while retaining its identity.
IVP_U_Min_Hash	find_min_elem		host-test	tests/IvpRetailContactLifecycleTest.cpp	The source-inline root accessor selects the expected event before and after a time change and minimum removal.
IVP_U_Min_Hash	find_min_value		host-test	tests/IvpRetailContactLifecycleTest.cpp	The source-inline value accessor reports the corresponding 1.0 and 2.0 collision-event times.
IVP_U_Min_Hash	is_elem		host-test	tests/IvpRetailContactLifecycleTest.cpp	The reconstructed bucket walk confirms that the event removed through the retail minimum path is no longer scheduled.
IVP_U_Min_Hash	remove	?remove@IVP_U_Min_Hash@@QAEXPAX@Z	host-test	tests/IvpRetailContactLifecycleTest.cpp	The exact retail remove body deletes a selected pending mindist and updates the public event counter.
IVP_U_Min_Hash	remove_min	?remove_min@IVP_U_Min_Hash@@QAEXXZ	host-test	tests/IvpRetailContactLifecycleTest.cpp	The exact retail minimum removal consumes the next scheduled collision event and exposes the following tree root.
IVP_U_Quat	get_angles	?get_angles@IVP_U_Quat@@QAEXPAVIVP_U_Float_Point@@@Z	nearby-source-basis	C:/Users/kakut/Works/Ballance/physics_RT/ivp/ivp_utility/ivu_quat.cxx	The compatibility body preserves the neighboring double-precision half-angle extraction and float output conversion.
IVP_U_Quat	inline_estimate_q_diff_to	?inline_estimate_q_diff_to@IVP_U_Quat@@QBENPBVIVP_U_Float_Quat@@@Z	nearby-source-basis	C:/Users/kakut/Works/Ballance/physics_RT/ivp/ivp_utility/ivu_matrix_macros.hxx	The compatibility body preserves twice the squared sine of the half-angle from the mixed double/float quaternion dot product.
IVP_U_Quat	invert_quat	?invert_quat@IVP_U_Quat@@QAEXXZ	nearby-source-basis	C:/Users/kakut/Works/Ballance/physics_RT/ivp/ivp_utility/ivu_quat.cxx	The compatibility body preserves conjugation divided by the full quaternion norm.
IVP_U_Quat	set	?set@IVP_U_Quat@@QAEXNNN@Z	nearby-source-basis	C:/Users/kakut/Works/Ballance/physics_RT/ivp/ivp_utility/ivu_quat.cxx	The three-angle overload preserves the neighboring component-wise half-angle sine construction and positive square-root w branch.
IVP_U_Quat	set_div_unit_quat	?set_div_unit_quat@IVP_U_Quat@@QAEXPBV1@0@Z	nearby-source-basis	C:/Users/kakut/Works/Ballance/physics_RT/ivp/ivp_utility/ivu_quat.cxx	The compatibility body preserves left multiplied by the unit inverse of right.
IVP_U_Quat	set_fast_multiple	?set_fast_multiple@IVP_U_Quat@@QAEXPBVIVP_U_Point@@N@Z	nearby-source-basis	C:/Users/kakut/Works/Ballance/physics_RT/ivp/ivp_utility/ivu_quat.cxx	The compatibility body preserves the scaled half-angle sine construction and clamps the accumulated vector norm before deriving w.
IVP_U_Quat	set_from_rotation_vectors	?set_from_rotation_vectors@IVP_U_Quat@@QAEXNNNNNN@Z	nearby-source-basis	C:/Users/kakut/Works/Ballance/physics_RT/ivp/ivp_utility/ivu_quat.cxx	The parallel, antiparallel and general cross-product branches preserve the neighboring thresholds and positive half-angle convention.
IVP_U_Quat	set_interpolate_linear	?set_interpolate_linear@IVP_U_Quat@@QAEXPBV1@0N@Z	nearby-source-basis	C:/Users/kakut/Works/Ballance/physics_RT/ivp/ivp_utility/ivu_quat.cxx	The compatibility body preserves shortest-hemisphere sign selection followed by unnormalized linear interpolation.
IVP_U_Quat	set_matrix	?set_matrix@IVP_U_Quat@@QBEXQAY03N@Z	nearby-source-basis	C:/Users/kakut/Works/Ballance/physics_RT/ivp/ivp_utility/ivu_quat.cxx	The 4x4 double output preserves the neighboring row/column sign convention and homogeneous identity row.
IVP_U_Quat	set_quaternion	?set_quaternion@IVP_U_Quat@@QAEXQAY03$$CBN@Z	nearby-source-basis	C:/Users/kakut/Works/Ballance/physics_RT/ivp/ivp_utility/ivu_quat.cxx	The 4x4 double input preserves the trace and dominant-diagonal branches and their original sign convention.
IVP_U_Quat	get_angles	?get_angles@IVP_U_Quat@@QAEXPAVIVP_U_Float_Point@@@Z	host-test	tests/IvpQuaternionKinematicsTest.cpp	A Ballance controller-style diagnostic quaternion returns its three component half-angle rotations 0.20/-0.30/0.40 through the float output.
IVP_U_Quat	inline_estimate_q_diff_to	?inline_estimate_q_diff_to@IVP_U_Quat@@QBENPBVIVP_U_Float_Quat@@@Z	host-test	tests/IvpQuaternionKinematicsTest.cpp	A halfway object orientation is compared with the float target and matches an independently calculated twice-squared-sine estimate.
IVP_U_Quat	invert_quat	?invert_quat@IVP_U_Quat@@QAEXXZ	host-test	tests/IvpQuaternionKinematicsTest.cpp	A 90-degree object turn multiplied by its full-norm inverse produces identity to double precision.
IVP_U_Quat	set	?set@IVP_U_Quat@@QAEXNNN@Z	host-test	tests/IvpQuaternionKinematicsTest.cpp	The three-angle setter and diagnostic extractor round-trip independent 0.20/-0.30/0.40 rotations.
IVP_U_Quat	set_div_unit_quat	?set_div_unit_quat@IVP_U_Quat@@QAEXPBV1@0@Z	host-test	tests/IvpQuaternionKinematicsTest.cpp	Dividing a world-from-object quarter turn by itself through the retained unit-inverse primitive produces identity.
IVP_U_Quat	set_fast_multiple	?set_fast_multiple@IVP_U_Quat@@QAEXPBVIVP_U_Point@@N@Z	host-test	tests/IvpQuaternionKinematicsTest.cpp	A half-scaled pi/2 Y turn produces the expected pi/4 diagnostic angle with zero X/Z components.
IVP_U_Quat	set_from_rotation_vectors	?set_from_rotation_vectors@IVP_U_Quat@@QAEXNNNNNN@Z	host-test	tests/IvpQuaternionKinematicsTest.cpp	The general vector branch builds a unit orientation that maps local +Z to world +X in the public 4x4 transport matrix.
IVP_U_Quat	set_interpolate_linear	?set_interpolate_linear@IVP_U_Quat@@QAEXPBV1@0N@Z	host-test	tests/IvpQuaternionKinematicsTest.cpp	The early unnormalized linear interpolation produces exact component midpoints between identity and the quarter-turn orientation.
IVP_U_Quat	set_matrix	?set_matrix@IVP_U_Quat@@QBEXQAY03N@Z	host-test	tests/IvpQuaternionKinematicsTest.cpp	The OpenGL-style 4x4 output maps local +Z to world +X and writes a complete homogeneous identity row.
IVP_U_Quat	set_quaternion	?set_quaternion@IVP_U_Quat@@QAEXQAY03$$CBN@Z	host-test	tests/IvpQuaternionKinematicsTest.cpp	Reading the same C array follows the documented historical OpenGL column-major interpretation and yields the conjugate orientation rather than silently imposing IVP_U_Matrix3 semantics.
IVP_Contact_Point_API	get_eliminated_energy	?get_eliminated_energy@IVP_Contact_Point_API@@SAMPAVIVP_Contact_Point@@@Z	nearby-source-basis	C:/Users/kakut/Works/Ballance/physics_RT/ivp/ivp_intern/ivp_friction.cxx	The source accessor reads integrated_destroyed_energy; Ballance instruction accesses place that field at contact +0x48.
IVP_Contact_Point_API	reset_eliminated_energy	?reset_eliminated_energy@IVP_Contact_Point_API@@SAXPAVIVP_Contact_Point@@@Z	nearby-source-basis	C:/Users/kakut/Works/Ballance/physics_RT/ivp/ivp_intern/ivp_friction.cxx	The source accessor clears integrated_destroyed_energy; Ballance instruction accesses place that field at contact +0x48.
IVP_Contact_Point_API	get_vert_force	?get_vert_force@IVP_Contact_Point_API@@SAMPAVIVP_Contact_Point@@@Z	nearby-source-basis	C:/Users/kakut/Works/Ballance/physics_RT/ivp/ivp_intern/ivp_friction.cxx	The source accessor reads now_friction_pressure; Ballance instruction accesses place that field at contact +0x54.
IVP_Contact_Point_API	get_surface_normal_ws	?get_surface_normal_ws@IVP_Contact_Point_API@@SAXPAVIVP_Contact_Point@@PAVIVP_U_Float_Point@@@Z	nearby-source-basis	C:/Users/kakut/Works/Ballance/physics_RT/ivp/ivp_intern/ivp_friction.cxx	The source accessor copies tmp_contact_info->surf_normal; Ballance instruction accesses place the long-term contact pointer at contact +0x40.
IVP_Contact_Point_API	get_eliminated_energy	?get_eliminated_energy@IVP_Contact_Point_API@@SAMPAVIVP_Contact_Point@@@Z	host-test	tests/IvpContactTopologyTest.cpp	A collision-callback telemetry scenario reads the accumulated energy from a Ballance-layout contact and verifies reset behavior separately.
IVP_Contact_Point_API	reset_eliminated_energy	?reset_eliminated_energy@IVP_Contact_Point_API@@SAXPAVIVP_Contact_Point@@@Z	host-test	tests/IvpContactTopologyTest.cpp	The telemetry reset clears only accumulated energy while preserving the live normal load.
IVP_Contact_Point_API	get_vert_force	?get_vert_force@IVP_Contact_Point_API@@SAMPAVIVP_Contact_Point@@@Z	host-test	tests/IvpContactTopologyTest.cpp	The collision-callback telemetry scenario recovers the current 320-unit normal load from the Ballance field.
IVP_Contact_Point_API	get_surface_normal_ws	?get_surface_normal_ws@IVP_Contact_Point_API@@SAXPAVIVP_Contact_Point@@PAVIVP_U_Float_Point@@@Z	host-test	tests/IvpContactTopologyTest.cpp	The collision-callback telemetry scenario follows the Ballance long-term contact pointer and recovers its world-space floor normal.
IVP_U_Matrix3	init_rows3	?init_rows3@IVP_U_Matrix3@@QAEXPBVIVP_U_Point@@00@Z	nearby-source-basis	C:/Users/kakut/Works/Ballance/physics_RT/ivp/ivp_utility/ivu_linear.cxx	The reconstructed row initialization is the complete neighboring field-copy body over Ballance's confirmed three-row double layout.
IVP_U_Matrix3	get_determinante	?get_determinante@IVP_U_Matrix3@@QBENXZ	nearby-source-basis	C:/Users/kakut/Works/Ballance/physics_RT/ivp/ivp_utility/ivu_linear.cxx	The determinant preserves the neighboring row-zero dot row-one-cross-row-two calculation.
IVP_U_Matrix3	calc_eigen_vector	?calc_eigen_vector@IVP_U_Matrix3@@QAEHNPAVIVP_U_Point@@@Z	nearby-source-basis	C:/Users/kakut/Works/Ballance/physics_RT/ivp/ivp_utility/ivu_linear.cxx	The API and null-space intent come from the neighboring body; its uninitialized local matrix defect is replaced by an equivalent stable cross-product null-space construction and is documented as a compatibility repair rather than retail code.
IVP_U_Matrix3	real_invert	?real_invert@IVP_U_Matrix3@@QAE?AW4IVP_RETURN_TYPE@@N@Z	nearby-source-basis	C:/Users/kakut/Works/Ballance/physics_RT/ivp/ivp_utility/ivu_linear.cxx	The reconstructed cofactor inverse preserves the neighboring determinant threshold, column order and IVP_RETURN_TYPE behavior.
IVP_U_Matrix3	inline_mmult3	?inline_mmult3@IVP_U_Matrix3@@QBEXPBV1@PAV1@@Z	nearby-source-basis	C:/Users/kakut/Works/Ballance/physics_RT/ivp/ivp_utility/ivu_matrix_macros.hxx	The inline matrix product preserves the neighboring row-by-column double calculation and alias-safe temporary result.
IVP_U_Matrix3	init_rows3	?init_rows3@IVP_U_Matrix3@@QAEXPBVIVP_U_Point@@00@Z	host-test	tests/IvpContactMatrixTest.cpp	A Ball rigid-body inertia tensor is assembled from its three principal rows before eigen and inverse operations.
IVP_U_Matrix3	get_determinante	?get_determinante@IVP_U_Matrix3@@QBENXZ	host-test	tests/IvpContactMatrixTest.cpp	The principal inertia tensor verifies the expected product of all three moments rather than a generic identity case.
IVP_U_Matrix3	calc_eigen_vector	?calc_eigen_vector@IVP_U_Matrix3@@QAEHNPAVIVP_U_Point@@@Z	host-test	tests/IvpContactMatrixTest.cpp	A Ball inertia scenario recovers the unique longitudinal principal axis and a normalized vector in the repeated transverse eigenspace, including both returned degrees of freedom.
IVP_U_Matrix3	real_invert	?real_invert@IVP_U_Matrix3@@QAE?AW4IVP_RETURN_TYPE@@N@Z	host-test	tests/IvpContactMatrixTest.cpp	The non-identity diagonal inertia tensor is inverted and used to recover identity at double precision.
IVP_U_Matrix3	inline_mmult3	?inline_mmult3@IVP_U_Matrix3@@QBEXPBV1@PAV1@@Z	host-test	tests/IvpContactMatrixTest.cpp	The inertia tensor multiplied by its reconstructed inverse verifies all nine result elements.
IVP_U_Matrix3	init_rotated3	?init_rotated3@IVP_U_Matrix3@@QAEXW4IVP_COORDINATE_INDEX@@M@Z	nearby-source-basis	C:/Users/kakut/Works/Ballance/physics_RT/ivp/ivp_utility/ivu_linear.cxx	The reconstructed axis rotation preserves the neighboring cyclic component order, float-angle sine/cosine inputs and matrix signs.
IVP_U_Matrix	inline_mmult4	?inline_mmult4@IVP_U_Matrix@@QBEXPBV1@PAV1@@Z	nearby-source-basis	C:/Users/kakut/Works/Ballance/physics_RT/ivp/ivp_utility/ivu_matrix_macros.hxx	The inline rigid-transform composition preserves the neighboring rotation product and transformed-plus-parent translation formula using an alias-safe temporary.
IVP_U_Matrix3	init_rotated3	?init_rotated3@IVP_U_Matrix3@@QAEXW4IVP_COORDINATE_INDEX@@M@Z	host-test	tests/IvpRetailContactLifecycleTest.cpp	Two reconstructed axis rotations form the object-from-Core and world-from-object frames used by an exact Ballance DLL composition case.
IVP_U_Matrix	inline_mmult4	?inline_mmult4@IVP_U_Matrix@@QBEXPBV1@PAV1@@Z	host-test	tests/IvpRetailContactLifecycleTest.cpp	The source-reconstructed object/Core frame composition agrees with all twelve double fields produced by Ballance's retained mmult4 body.
IVP_U_Matrix	mmult4	?mmult4@IVP_U_Matrix@@QBEXPBV1@PAV1@@Z	host-test	tests/IvpRetailContactLifecycleTest.cpp	The exact DLL body composes nontrivial object-from-Core and world-from-object transforms and later verifies transform times inverse equals identity.
IVP_U_Matrix	vmult4	?vmult4@IVP_U_Matrix@@QBEXPBVIVP_U_Point@@PAV2@@Z	host-test	tests/IvpRetailContactLifecycleTest.cpp	The exact DLL body maps a non-origin Core-space contact point through the composed world transform.
IVP_U_Matrix	vimult4	?vimult4@IVP_U_Matrix@@QBEXPBVIVP_U_Point@@PAV2@@Z	host-test	tests/IvpRetailContactLifecycleTest.cpp	The exact DLL inverse transform recovers the original Core-space point within the precision implied by IVP's float angle parameter.
IVP_U_Matrix	real_invert	?real_invert@IVP_U_Matrix@@QAE?AW4IVP_RETURN_TYPE@@N@Z	host-test	tests/IvpRetailContactLifecycleTest.cpp	The exact DLL inverse of a rotated and translated world-from-Core frame composes back to identity across rotation and translation.
IVP_Standard_Gravity_Controller	*		layout-retail	docs/zh-CN/ivp-retail-differences.md	Environment construction allocates 0x14 bytes and installs the seven-slot vtable at VA 0x10063598; RVA 0x11FE0 stores grav_vec at +0x04/+0x08/+0x0C.
IVP_Standard_Gravity_Controller	set_standard_gravity	?set_standard_gravity@IVP_Standard_Gravity_Controller@@QAEXPAVIVP_U_Point@@@Z	host-test	tests/IvpRetailContactLifecycleTest.cpp	The exact Ballance setter converts a nonzero double gravity vector into the three float grav_vec fields.
IVP_Standard_Gravity_Controller	do_simulation_controller	?do_simulation_controller@IVP_Standard_Gravity_Controller@@UAEXPAVIVP_Event_Sim@@PAV?$IVP_U_Vector@VIVP_Core@@@@@Z	host-test	tests/IvpRetailContactLifecycleTest.cpp	The exact retail loop commits pending speed changes before integrating gravity for two cores; it also proves Ballance lacks the nearby revision's pinned-core skip.
IVP_Standard_Gravity_Controller	get_controller_priority	?get_controller_priority@IVP_Standard_Gravity_Controller@@UAE?AW4IVP_CONTROLLER_PRIORITY@@XZ	host-test	tests/IvpRetailContactLifecycleTest.cpp	The exact Ballance virtual body returns IVP_CP_GRAVITY.
IVP_Anchor	*		layout-retail	docs/zh-CN/ivp-retail-differences.md	RVA 0x14020 constructs two anchors at +0x0C/+0x3C with 0x30 stride; RVA 0x13EA0 accesses object +0x08, positions +0x0C/+0x1C and actuator +0x2C.
IVP_Anchor	object_is_going_to_be_deleted_event	?object_is_going_to_be_deleted_event@IVP_Anchor@@QAEXPAVIVP_Real_Object@@@Z	host-test	tests/IvpRetailContactLifecycleTest.cpp	The exact retail callback loads the owning actuator from anchor +0x2C and forwards the current anchor exactly once through actuator vtable slot 7.
IVP_Template_Two_Point	*		layout-retail	docs/zh-CN/ivp-retail-differences.md	Constructor RVA 0x13E70 clears client_data at +0x00 and the two anchor pointers at +0x04/+0x08, proving the 0x0C boundary.
IVP_Template_Two_Point	IVP_Template_Two_Point	??0IVP_Template_Two_Point@@QAE@XZ	host-test	tests/IvpRetailContactLifecycleTest.cpp	The exact mandatory-DLL constructor starts a two-body actuator request with no client data and no attachment templates, then the test preserves two distinct configured anchor identities.
IVP_Template_Spring	IVP_Template_Spring	??0IVP_Template_Spring@@QAE@XZ	host-test	tests/IvpRetailContactLifecycleTest.cpp	The exact mandatory-DLL constructor establishes the complete 0x38 Ballance spring-template defaults before a two-point breakable suspension-style configuration is populated.
IVP_Actuator_Spring	set_len	?set_len@IVP_Actuator_Spring@@QAEXN@Z	host-test	tests/IvpRetailContactLifecycleTest.cpp	The exact mandatory-DLL setter narrows a nontrivial IVP_DOUBLE rest length into spring_len +0x74 and requests simulation through the retained two-point wake path.
IVP_Actuator_Spring	set_constant	?set_constant@IVP_Actuator_Spring@@QAEXN@Z	host-test	tests/IvpRetailContactLifecycleTest.cpp	The exact mandatory-DLL setter multiplies the requested stiffness by the runtime spring_values_factor at +0x78, stores the float result at +0x7C and requests simulation.
IVP_Actuator_Spring	set_damp	?set_damp@IVP_Actuator_Spring@@QAEXN@Z	host-test	tests/IvpRetailContactLifecycleTest.cpp	The exact mandatory-DLL setter scales damping by the runtime spring_values_factor, stores it at +0x80 and requests simulation.
IVP_Actuator_Spring	set_rel_pos_damp	?set_rel_pos_damp@IVP_Actuator_Spring@@QAEXN@Z	host-test	tests/IvpRetailContactLifecycleTest.cpp	The exact mandatory-DLL setter scales relative-position damping by the runtime spring_values_factor, stores it at +0x84 and requests simulation.
IVP_Constraint	change_target_fixing_point_Ros	?change_target_fixing_point_Ros@IVP_Constraint@@UAEXPBVIVP_U_Point@@@Z	retail-body-variant	docs/zh-CN/ivp-retail-differences.md	The public target-fixing diagnostic is linker-folded with Ballance's retained change_fixing_point_Ros body at RVA 0x376D0; the identical pointer ABI and shared vtable target make this a named-body variant, not a missing implementation.
IVP_Constraint	change_target_translation_axes_Ros	?change_target_translation_axes_Ros@IVP_Constraint@@UAEXPBVIVP_U_Matrix3@@@Z	retail-body-variant	docs/zh-CN/ivp-retail-differences.md	The public target-translation diagnostic is linker-folded with change_translation_axes_Ros at RVA 0x376E0 and retains the same one-pointer thiscall ABI.
IVP_Constraint	change_target_rotation_axes_Ros	?change_target_rotation_axes_Ros@IVP_Constraint@@UAEXPBVIVP_U_Matrix3@@@Z	retail-body-variant	docs/zh-CN/ivp-retail-differences.md	The public target-rotation diagnostic is linker-folded with change_rotation_axes_Ros at RVA 0x37730 and retains the same one-pointer thiscall ABI.
IVP_Constraint	change_Ros_to_relaxe_constraint	?change_Ros_to_relaxe_constraint@IVP_Constraint@@UAEXXZ	retail-body-variant	docs/zh-CN/ivp-retail-differences.md	Ballance folds the Ros relaxation diagnostic into the retained change_Aos_to_relaxe_constraint body at RVA 0x37780; both are zero-argument virtual diagnostics with the same ABI.
IVP_Template_Object	~IVP_Template_Object		retail-destructor-thunk	docs/zh-CN/ivp-retail-differences.md	The public wrapper enters RVA 0x15F60, a one-jump retail thunk to the exact complete destructor ??1IVP_Template_Object@@QAE@XZ at RVA 0x15EA0.
IVP_Actuator_Spring	~IVP_Actuator_Spring		retail-destructor-reconstruction	docs/zh-CN/ivp-retail-differences.md	Retained RVA 0x143F0 destroys listeners_spring at +0x90 and then calls the Two Point complete destructor. The defaulted wrapper lets C++ destroy that vector and enter the reconstructed Two Point/Actuator chain once, avoiding a nested complete-body double destruction.
IVP_Actuator_Spring_Active	~IVP_Actuator_Spring_Active		retail-destructor-reconstruction	docs/zh-CN/ivp-retail-differences.md	Retained RVA 0x14610 removes all four active-value dependencies and calls the Spring complete destructor. The wrapper reproduces only that derived work, after which C++ destroys the Spring vector and enters the Two Point/Actuator chain once.
IVP_Actuator_Two_Point	~IVP_Actuator_Two_Point		retail-destructor-reconstruction	docs/zh-CN/ivp-retail-differences.md	Retained RVA 0x14150 unregisters the controller, destroys both 0x30-byte anchors and then enters the Actuator complete destructor, which owns the core vector. The wrapper reproduces the anchor layer and lets C++ enter the exact Actuator base once.
IVP_Cluster	~IVP_Cluster		retail-destructor-reconstruction	docs/zh-CN/ivp-retail-differences.md	The wrapper reproduces the retained child-deletion loop and lets C++ enter the exact IVP_Object base destructor once; the retail complete Cluster destructor already contains that base call.
IVP_Constraint	~IVP_Constraint		retail-destructor-reconstruction	docs/zh-CN/ivp-retail-differences.md	Retained RVA 0x37650 unregisters an enabled controller, destroys the inline core vector and restores the Controller base vptr. The wrapper reproduces the owned vector layer and lets C++ enter the exact resource-free Controller destructor once.
IVP_Constraint_Local	~IVP_Constraint_Local		retail-destructor-reconstruction	docs/zh-CN/ivp-retail-differences.md	Retained RVA 0x288A0 frees the three optional allocations at +0x6C/+0xF4/+0x17C, visits two resource-free Local Anchor layers and calls the Constraint complete destructor. The wrapper frees those three pointers and lets C++ enter Constraint once.
IVP_Material	~IVP_Material		retail-complete-body	docs/zh-CN/ivp-retail-differences.md	Retained complete destructor RVA 0xBE00 is a resource-free Material-layer vptr restore. The public base destructor routes to that exact body; a derived wrapper still lets C++ enter the base only once.
IVP_Material_Simple	~IVP_Material_Simple		retail-destructor-reconstruction	docs/zh-CN/ivp-retail-differences.md	Simple Material adds only scalar fields and delegates one Material base destruction to C++; entering its retail complete destructor from the body would destroy that base twice.
IVP_SurfaceManager	~IVP_SurfaceManager		retail-complete-body	docs/zh-CN/ivp-retail-differences.md	Retained complete destructor RVA 0x22160 is the resource-free Surface Manager layer. The pure public destructor routes to it directly, while derived destructors enter that base exactly once through normal C++ chaining.
IVP_U_Active_Value	~IVP_U_Active_Value		retail-complete-body	docs/zh-CN/ivp-retail-differences.md	The public Active Value base destructor routes directly to retained RVA 0x159D0, which restores its vptr, releases the owned name through the physics CRT and clears the pointer. Derived wrappers destroy their own vector layer before C++ enters this base once.
IVP_BetterDebugmanager	~IVP_BetterDebugmanager		retail-complete-body	docs/zh-CN/ivp-retail-differences.md	The public destructor routes to retained RVA 0x60C70. That resource-free complete body performs the exact two-slot Better Debug Manager vptr restore and has no member or base destruction to duplicate.
IVP_Collision_Delegator	~IVP_Collision_Delegator		retail-complete-body	docs/zh-CN/ivp-retail-differences.md	The public base destructor routes to retained RVA 0x2F570, whose only operation is the exact abstract Collision Delegator vptr restore. Derived wrappers enter the resource-free base once through normal C++ chaining.
IVP_Collision_Filter	~IVP_Collision_Filter		retail-complete-body	docs/zh-CN/ivp-retail-differences.md	The public base destructor routes to retained RVA 0x148D0, whose only operation is the exact three-slot Collision Filter vptr restore. Derived wrappers enter the resource-free base once through normal C++ chaining.
IVP_Collision_Filter_Coll_Group_Ident	~IVP_Collision_Filter_Coll_Group_Ident		retail-destructor-reconstruction	docs/zh-CN/ivp-retail-differences.md	The retained complete destructor restores the derived vptr and enters the resource-free Collision Filter base. The defaulted wrapper performs the same derived-to-base lifetime once instead of nesting the complete retail body.
IVP_Meta_Collision_Filter	~IVP_Meta_Collision_Filter		retail-complete-body	docs/zh-CN/ivp-retail-differences.md	Retained complete destructor RVA 0x14CE0 destroys the embedded non-owning filter vector before entering the resource-free Collision Filter base. The public destructor calls that body directly over inactive-union storage and does not delete child filters.
IVP_PerformanceCounter	~IVP_PerformanceCounter		retail-complete-body	docs/zh-CN/ivp-retail-differences.md	The public base destructor routes to retained RVA 0x14F70, whose only operation is the exact six-slot Performance Counter vptr restore. Derived wrappers enter the resource-free base once through normal C++ chaining.
IVP_Synapse	~IVP_Synapse		retail-complete-body	docs/zh-CN/ivp-retail-differences.md	The public destructor routes to retained RVA 0x161D0. Its exact Synapse vptr restore is followed only by the trivial non-virtual Listener Hull base lifetime, so no resource or base destructor is duplicated.
IVP_Template_Controller_Floating	*		layout-ida-only	docs/zh-CN/ivp-retail-differences.md	Ballance's imported UDT and compile-time checks agree on the 0x50 layout; no class-specific retail body survives.
IVP_Controller_Floating	*		layout-ida-only	docs/zh-CN/ivp-retail-differences.md	Ballance's imported UDT and compile-time checks agree on the 0x40 layout; class behavior is reconstructed over retained dependencies.
IVP_Template_Controller_World_Friction	*		layout-ida-only	docs/zh-CN/ivp-retail-differences.md	Ballance's imported UDT and compile-time checks agree on four consecutive IVP_U_Point fields and size 0x80.
IVP_Controller_World_Friction	*		layout-ida-only	docs/zh-CN/ivp-retail-differences.md	Ballance's imported UDT and compile-time checks agree on size 0x4C, including clip_manhattan at +0x48.
IVP_Template_Controller_Floating	IVP_Template_Controller_Floating		nearby-source-basis	ivp_controller/ivp_controller_floating.cxx	Defaults are selectively reconstructed against the Ballance 0x50 layout.
IVP_Template_Controller_Floating	set_position_ws		nearby-source-basis	ivp_controller/ivp_controller_floating.cxx	World position conversion is reconstructed using Ballance object transforms.
IVP_Template_Controller_Floating	set_ray_direction_ws		nearby-source-basis	ivp_controller/ivp_controller_floating.cxx	The neighboring source intentionally stores the supplied world direction unchanged.
IVP_Controller_Floating	IVP_Controller_Floating		nearby-source-basis	ivp_controller/ivp_controller_floating.cxx	Construction is reconstructed over the retained Ballance controller-manager registration ABI.
IVP_Controller_Floating	set_current_distance		nearby-source-basis	ivp_controller/ivp_controller_floating.cxx	Scalar setter follows the neighboring implementation and Ballance field layout.
IVP_Controller_Floating	set_target_distance		nearby-source-basis	ivp_controller/ivp_controller_floating.cxx	Scalar setter follows the neighboring implementation and Ballance field layout.
IVP_Controller_Floating	set_ray_direction_ws		nearby-source-basis	ivp_controller/ivp_controller_floating.cxx	Direction update follows the neighboring implementation and Ballance field layout.
IVP_Controller_Floating	get_ray_direction_ws		nearby-source-basis	ivp_controller/ivp_controller_floating.cxx	Direction access follows the neighboring implementation and Ballance field layout.
IVP_Controller_Floating	~IVP_Controller_Floating		nearby-source-basis	ivp_controller/ivp_controller_floating.cxx	Destruction removes the controller through the retained Ballance manager ABI.
IVP_Template_Controller_World_Friction	IVP_Template_Controller_World_Friction		nearby-source-basis	ivp_controller/ivp_controller_world_frict.cxx	Defaults are selectively reconstructed against the Ballance 0x80 layout.
IVP_Controller_World_Friction	IVP_Controller_World_Friction		nearby-source-basis	ivp_controller/ivp_controller_world_frict.cxx	Construction is reconstructed over the retained Ballance controller-manager ABI.
IVP_Controller_World_Friction	~IVP_Controller_World_Friction		nearby-source-basis	ivp_controller/ivp_controller_world_frict.cxx	Destruction removes the controller through the retained Ballance manager ABI.
IVP_Template_Controller_Floating	IVP_Template_Controller_Floating		host-test	tests/IvpForceActuatorTest.cpp	A Ballance floating-control setup verifies nontrivial constructor defaults and configured fields.
IVP_Template_Controller_Floating	set_position_ws		host-test	tests/IvpForceActuatorTest.cpp	A world point is transformed into object space before the force application case.
IVP_Template_Controller_Floating	set_ray_direction_ws		host-test	tests/IvpForceActuatorTest.cpp	A world-space upward ray drives the floating distance controller case.
IVP_Controller_Floating	IVP_Controller_Floating		host-test	tests/IvpForceActuatorTest.cpp	Construction registers exactly once against the object's Ballance controller manager.
IVP_Controller_Floating	do_ray_casting		host-test	tests/IvpForceActuatorTest.cpp	Virtual ray success and failure paths respectively apply and suppress the floating impulse.
IVP_Controller_Floating	get_current_distance		host-test	tests/IvpForceActuatorTest.cpp	The sampled distance is read back before the clipped-force calculation.
IVP_Controller_Floating	get_position_os		host-test	tests/IvpForceActuatorTest.cpp	The transformed two-metre object-space force position is read back.
IVP_Controller_Floating	get_ray_direction_ws		host-test	tests/IvpForceActuatorTest.cpp	The configured upward ray direction is read back and used by ray casting.
IVP_Controller_Floating	get_target_distance		host-test	tests/IvpForceActuatorTest.cpp	The quarter-metre target distance is read back before the force calculation.
IVP_Controller_Floating	set_current_distance		host-test	tests/IvpForceActuatorTest.cpp	A half-metre current distance is set and read back in the force case.
IVP_Controller_Floating	set_ray_direction_ws		host-test	tests/IvpForceActuatorTest.cpp	The runtime ray direction setter is exercised before virtual dispatch.
IVP_Controller_Floating	set_target_distance		host-test	tests/IvpForceActuatorTest.cpp	The quarter-metre target is set and read back in the force case.
IVP_Controller_Floating	~IVP_Controller_Floating		host-test	tests/IvpForceActuatorTest.cpp	Destruction removes exactly one controller and completes the base destructor once.
IVP_Template_Controller_World_Friction	IVP_Template_Controller_World_Friction		host-test	tests/IvpForceActuatorTest.cpp	A moving-platform case starts from the reconstructed zero-speed defaults and configures asymmetric limits.
IVP_Controller_World_Friction	IVP_Controller_World_Friction		host-test	tests/IvpForceActuatorTest.cpp	Construction registers exactly once against the object's Ballance controller manager.
IVP_Controller_World_Friction	get_desired_rot_speed_cs		host-test	tests/IvpForceActuatorTest.cpp	The configured platform angular target is read back before simulation.
IVP_Controller_World_Friction	get_desired_speed_ws		host-test	tests/IvpForceActuatorTest.cpp	The configured platform linear target is read back before simulation.
IVP_Controller_World_Friction	get_friction_value_rotation		host-test	tests/IvpForceActuatorTest.cpp	Asymmetric per-axis angular limits are read back after the correction.
IVP_Controller_World_Friction	get_friction_value_translation		host-test	tests/IvpForceActuatorTest.cpp	Asymmetric per-axis linear limits are read back and scaled by PSI duration.
IVP_Controller_World_Friction	set_desired_rot_speed_cs		host-test	tests/IvpForceActuatorTest.cpp	The moving-platform angular target is set explicitly before simulation.
IVP_Controller_World_Friction	set_desired_speed_ws		host-test	tests/IvpForceActuatorTest.cpp	The moving-platform linear target is set explicitly before simulation.
IVP_Controller_World_Friction	set_friction_value_rotation		host-test	tests/IvpForceActuatorTest.cpp	Asymmetric angular correction limits are set and produce the expected core rotation speed.
IVP_Controller_World_Friction	set_friction_value_translation		host-test	tests/IvpForceActuatorTest.cpp	Asymmetric linear correction limits are set and produce the expected world speed.
IVP_Controller_World_Friction	~IVP_Controller_World_Friction		host-test	tests/IvpForceActuatorTest.cpp	Destruction removes exactly one controller and completes the base destructor once.
IVP_Range_Manager	*		layout-retail	docs/zh-CN/ivp-retail-differences.md	Constructor RVA 0x2D8E0 proves alignment padding at +0x04, flag +0x08, environment +0x0C and ten double fields through +0x58.
IVP_Range_Manager	IVP_Range_Manager		host-test	tests/IvpRetailContactLifecycleTest.cpp	The exact mandatory-DLL constructor establishes all nontrivial world/intra broadphase defaults on the 0x60 Ballance layout.
IVP_Range_Manager	get_coll_range_in_world		host-test	tests/IvpRetailContactLifecycleTest.cpp	A moving radius-two object combines linear and rotational surface speed, look-ahead and PSI subtraction into the expected 4.5-metre world range.
IVP_Range_Manager	get_coll_range_intra_objects		host-test	tests/IvpRetailContactLifecycleTest.cpp	Two differently sized and moving objects verify radius clipping, PSI subtraction and asymmetric per-core range allocation.
IVP_Range_Manager	environment_will_be_deleted		host-test	tests/IvpRetailContactLifecycleTest.cpp	The exact callback preserves a non-owning manager and its environment identity.
IVP_SurfaceManager_Polygon	*		layout-retail	docs/zh-CN/ivp-retail-differences.md	The retail vtable and complete destructor use the 0x08 object with compact_surface at +0x04.
IVP_SurfaceManager_Polygon	get_mass_center		nearby-source-basis	ivp_surface_manager/ivp_surman_polygon.cxx	The nearby short accessor explains the retained unnamed vtable body at RVA 0xBC00, which copies the compact-surface mass-center floats.
IVP_SurfaceManager_Polygon	add_reference_to_ledge		nearby-source-basis	ivp_surface_manager/ivp_surman_polygon.cxx	The neighboring release implementation explicitly ignores the borrowed ledge and returns.
IVP_SurfaceManager_Polygon	remove_reference_to_ledge		nearby-source-basis	ivp_surface_manager/ivp_surman_polygon.cxx	The neighboring release implementation explicitly ignores the borrowed ledge and returns.
IVP_SurfaceManager_Polygon	~IVP_SurfaceManager_Polygon		retail-destructor-reconstruction	docs/zh-CN/ivp-retail-differences.md	The derived layer owns no resource; native C++ performs its SurfaceManager base destruction once instead of nesting the retained complete destructor.
IVP_SurfaceManager_Polygon	IVP_SurfaceManager_Polygon		host-test	tests/IvpRetailContactLifecycleTest.cpp	A gameplay-style compact surface is attached to a concrete 0x08 polygon manager.
IVP_SurfaceManager_Polygon	get_compact_surface		host-test	tests/IvpRetailContactLifecycleTest.cpp	The manager preserves the exact compact-surface identity used by the mass-property queries.
IVP_SurfaceManager_Polygon	get_type		host-test	tests/IvpRetailContactLifecycleTest.cpp	The exact DLL virtual body identifies the concrete manager as polygonal.
IVP_SurfaceManager_Polygon	get_mass_center		host-test	tests/IvpRetailContactLifecycleTest.cpp	A nonzero object-space mass center is copied from compact geometry.
IVP_SurfaceManager_Polygon	get_rotation_inertia		host-test	tests/IvpRetailContactLifecycleTest.cpp	The exact DLL body returns three distinct compact-surface inertia components.
IVP_SurfaceManager_Polygon	get_radius_and_radius_dev_to_given_center		host-test	tests/IvpRetailContactLifecycleTest.cpp	A 3-4-5 center displacement expands radius to 15 and quantized deviation to 5.2.
IVP_SurfaceManager_Polygon	add_reference_to_ledge		host-test	tests/IvpRetailContactLifecycleTest.cpp	The release no-op accepts a null borrowed ledge without changing manager state.
IVP_SurfaceManager_Polygon	remove_reference_to_ledge		host-test	tests/IvpRetailContactLifecycleTest.cpp	The release no-op accepts removal of a null borrowed ledge without changing manager state.
IVP_SurfaceManager_Polygon	~IVP_SurfaceManager_Polygon		host-test	tests/IvpRetailContactLifecycleTest.cpp	A stack manager completes one derived/base destruction without taking ownership of compact geometry.
IVP_BetterDebugmanager	*		layout-retail	docs/zh-CN/ivp-retail-differences.md	Constructor RVA 0x60C30 and vtable RVA 0x63D34 prove the 0x2008 layout, initialized at +0x04, 2048 flags at +0x08, and two virtual slots.
IVP_BetterDebugmanager	enable_debug_output		nearby-source-basis	ivp_physics/ivp_betterdebugmanager.cxx	The neighboring implementation supplies the stripped bounds check and flag write on the retained Ballance layout.
IVP_BetterDebugmanager	disable_debug_output		nearby-source-basis	ivp_physics/ivp_betterdebugmanager.cxx	The neighboring implementation supplies the stripped bounds check and flag clear on the retained Ballance layout.
IVP_BetterDebugmanager	~IVP_BetterDebugmanager		nearby-source-basis	ivp_physics/ivp_betterdebugmanager.cxx	The neighboring destructor is empty; the retail vtable confirms only a trivial deleting-destructor thunk.
IVP_BetterDebugmanager	IVP_BetterDebugmanager		host-test	tests/IvpRetailContactLifecycleTest.cpp	The exact DLL constructor initializes all 2048 channels to disabled state.
IVP_BetterDebugmanager	enable_debug_output		host-test	tests/IvpRetailContactLifecycleTest.cpp	A geometry-build diagnostic channel can be enabled independently.
IVP_BetterDebugmanager	disable_debug_output		host-test	tests/IvpRetailContactLifecycleTest.cpp	Disabling the same diagnostic channel restores the exact retained query to false.
IVP_BetterDebugmanager	is_debug_enabled		host-test	tests/IvpRetailContactLifecycleTest.cpp	The retained query distinguishes enabled, disabled, and out-of-range channel identifiers.
IVP_BetterDebugmanager	dprint		host-test	tests/IvpRetailContactLifecycleTest.cpp	The retained variadic body formats a surface-build diagnostic and dispatches it through the virtual output hook.
IVP_BetterDebugmanager	output_function		host-test	tests/IvpRetailContactLifecycleTest.cpp	A derived collector receives the exact formatted class identifier and diagnostic text.
IVP_BetterDebugmanager	~IVP_BetterDebugmanager		host-test	tests/IvpRetailContactLifecycleTest.cpp	A derived stack collector completes destruction through the two-slot Ballance virtual contract.
IVP_SurMan_PS_Plane	*		layout-retail	docs/zh-CN/ivp-retail-differences.md	Edge-length RVA 0x3A2D0 reads the 0x08-byte point vector at +0x20/+0x22/+0x24 after the 0x20 IVP_U_Point base, proving total size 0x28.
IVP_SurMan_PS_Plane	get_area_size		nearby-source-basis	ivp_compact_builder/ivp_surbuild_pointsoup.cxx	The stripped oriented double-area loop uses only the same vector and Point primitives confirmed by the retained edge-length body.
IVP_SurMan_PS_Plane	IVP_SurMan_PS_Plane		host-test	tests/IvpRetailContactLifecycleTest.cpp	The internal public plane constructs its embedded point vector and accepts a four-corner polygon without heap growth.
IVP_SurMan_PS_Plane	get_area_size		host-test	tests/IvpRetailContactLifecycleTest.cpp	A 3-by-4 planar face and matching normal produce oriented double-area 24.
IVP_SurMan_PS_Plane	get_qlen_of_all_edges		host-test	tests/IvpRetailContactLifecycleTest.cpp	The retained DLL body sums squared 3/4/3/4 edge lengths to 50.
IVP_Vector_of_Points_256	IVP_Vector_of_Points_256		nearby-source-basis	ivp_compact_builder/ivp_surbuild_pointsoup.hxx	The inline helper binds the U_Vector base to 256 embedded pointer slots exactly as declared by the public neighboring header.
IVP_Vector_of_Points_256	IVP_Vector_of_Points_256		host-test	tests/IvpRetailContactLifecycleTest.cpp	Four tetrahedron points remain in the embedded 256-slot buffer while feeding the exact retail hull builder.
IVP_SurfaceBuilder_Pointsoup	cleanup		nearby-source-basis	ivp_compact_builder/ivp_surbuild_pointsoup.cxx	The stripped cleanup frees and nulls only the retained cached-triangle pointer independently confirmed at RVA 0x763A8.
IVP_SurfaceBuilder_Pointsoup	convert_pointsoup_to_compact_surface		nearby-source-basis	ivp_compact_builder/ivp_surbuild_pointsoup.cxx	The stripped wrapper composes the retained pointsoup-to-ledge and Ledge Soup constructor/insert/compile/destructor bodies.
IVP_SurfaceBuilder_Pointsoup	cleanup		host-test	tests/IvpRetailContactLifecycleTest.cpp	After triangle conversion, cleanup releases the DLL-owned cached canonical ledge and nulls the exact global slot.
IVP_SurfaceBuilder_Pointsoup	convert_triangle_to_compace_ledge		host-test	tests/IvpRetailContactLifecycleTest.cpp	A nondegenerate 3-4 right triangle is converted by the exact retained body and preserves all three submitted points.
IVP_SurfaceBuilder_Pointsoup	convert_pointsoup_to_compact_ledge		host-test	tests/IvpRetailContactLifecycleTest.cpp	Four tetrahedron vertices enter the retained convex-hull path and return a terminal compact ledge.
IVP_SurfaceBuilder_Pointsoup	convert_pointsoup_to_compact_surface		host-test	tests/IvpRetailContactLifecycleTest.cpp	The public category-2 wrapper compiles tetrahedron point data into a compact surface with nonzero radius and ledgetree root.
IVP_BetterStatisticsmanager	*		layout-retail	docs/zh-CN/ivp-retail-differences.md	Retail constructor RVA 0x2DB50 confirms the complete 0x30 field layout, both embedded vector prefixes, flag offsets and 8-byte update interval.
IVP_BetterStatisticsmanager_Data_Entity	*		layout-ida-only	tools/ivp/Inspect-IvpTypes.py	The imported 0x48 public layout agrees field-for-field with the neighboring source, but no class-specific retail body survives linking.
IVP_BetterStatisticsmanager_Callback_Interface	*		layout-ida-only	tools/ivp/Inspect-IvpTypes.py	The imported 0x04 interface has exactly the three public pure virtual slots and no destructor slot.
IVP_BetterStatisticsmanager	print		nearby-source-basis	ivp_physics/ivp_betterstatisticsmanager.cxx	The stripped print behavior is reconstructed from the neighboring implementation using the retail-confirmed 0x30 manager layout and existing U_Vector primitives.
IVP_BetterStatisticsmanager	set_simulation_time		nearby-source-basis	ivp_physics/ivp_betterstatisticsmanager.cxx	The stripped set_simulation_time behavior is reconstructed from the neighboring implementation using the retail-confirmed 0x30 manager layout and existing U_Vector primitives.
IVP_BetterStatisticsmanager	install_data_entity		nearby-source-basis	ivp_physics/ivp_betterstatisticsmanager.cxx	The stripped install_data_entity behavior is reconstructed from the neighboring implementation using the retail-confirmed 0x30 manager layout and existing U_Vector primitives.
IVP_BetterStatisticsmanager	remove_data_entity		nearby-source-basis	ivp_physics/ivp_betterstatisticsmanager.cxx	The stripped remove_data_entity behavior is reconstructed from the neighboring implementation using the retail-confirmed 0x30 manager layout and existing U_Vector primitives.
IVP_BetterStatisticsmanager	install_output_callback		nearby-source-basis	ivp_physics/ivp_betterstatisticsmanager.cxx	The stripped install_output_callback behavior is reconstructed from the neighboring implementation using the retail-confirmed 0x30 manager layout and existing U_Vector primitives.
IVP_BetterStatisticsmanager	remove_output_callback		nearby-source-basis	ivp_physics/ivp_betterstatisticsmanager.cxx	The stripped remove_output_callback behavior is reconstructed from the neighboring implementation using the retail-confirmed 0x30 manager layout and existing U_Vector primitives.
IVP_BetterStatisticsmanager	enable		nearby-source-basis	ivp_physics/ivp_betterstatisticsmanager.cxx	The stripped enable behavior is reconstructed from the neighboring implementation using the retail-confirmed 0x30 manager layout and existing U_Vector primitives.
IVP_BetterStatisticsmanager	disable		nearby-source-basis	ivp_physics/ivp_betterstatisticsmanager.cxx	The stripped disable behavior is reconstructed from the neighboring implementation using the retail-confirmed 0x30 manager layout and existing U_Vector primitives.
IVP_BetterStatisticsmanager	get_state		nearby-source-basis	ivp_physics/ivp_betterstatisticsmanager.cxx	The stripped get_state behavior is reconstructed from the neighboring implementation using the retail-confirmed 0x30 manager layout and existing U_Vector primitives.
IVP_BetterStatisticsmanager	~IVP_BetterStatisticsmanager		nearby-source-basis	ivp_physics/ivp_betterstatisticsmanager.cxx	The stripped ~IVP_BetterStatisticsmanager behavior is reconstructed from the neighboring implementation using the retail-confirmed 0x30 manager layout and existing U_Vector primitives.
IVP_BetterStatisticsmanager_Data_Entity	set_int_value		nearby-source-basis	ivp_physics/ivp_betterstatisticsmanager.cxx	The stripped set_int_value behavior is reconstructed on the imported 0x48 source-matching entity layout using physics_RT allocation helpers where ownership crosses the DLL boundary.
IVP_BetterStatisticsmanager_Data_Entity	set_double_value		nearby-source-basis	ivp_physics/ivp_betterstatisticsmanager.cxx	The stripped set_double_value behavior is reconstructed on the imported 0x48 source-matching entity layout using physics_RT allocation helpers where ownership crosses the DLL boundary.
IVP_BetterStatisticsmanager_Data_Entity	set_array_size		nearby-source-basis	ivp_physics/ivp_betterstatisticsmanager.cxx	The stripped set_array_size behavior is reconstructed on the imported 0x48 source-matching entity layout using physics_RT allocation helpers where ownership crosses the DLL boundary.
IVP_BetterStatisticsmanager_Data_Entity	set_int_array_latest_value		nearby-source-basis	ivp_physics/ivp_betterstatisticsmanager.cxx	The stripped set_int_array_latest_value behavior is reconstructed on the imported 0x48 source-matching entity layout using physics_RT allocation helpers where ownership crosses the DLL boundary.
IVP_BetterStatisticsmanager_Data_Entity	set_double_array_latest_value		nearby-source-basis	ivp_physics/ivp_betterstatisticsmanager.cxx	The stripped set_double_array_latest_value behavior is reconstructed on the imported 0x48 source-matching entity layout using physics_RT allocation helpers where ownership crosses the DLL boundary.
IVP_BetterStatisticsmanager_Data_Entity	enable		nearby-source-basis	ivp_physics/ivp_betterstatisticsmanager.cxx	The stripped enable behavior is reconstructed on the imported 0x48 source-matching entity layout using physics_RT allocation helpers where ownership crosses the DLL boundary.
IVP_BetterStatisticsmanager_Data_Entity	disable		nearby-source-basis	ivp_physics/ivp_betterstatisticsmanager.cxx	The stripped disable behavior is reconstructed on the imported 0x48 source-matching entity layout using physics_RT allocation helpers where ownership crosses the DLL boundary.
IVP_BetterStatisticsmanager_Data_Entity	get_state		nearby-source-basis	ivp_physics/ivp_betterstatisticsmanager.cxx	The stripped get_state behavior is reconstructed on the imported 0x48 source-matching entity layout using physics_RT allocation helpers where ownership crosses the DLL boundary.
IVP_BetterStatisticsmanager_Data_Entity	set_text		nearby-source-basis	ivp_physics/ivp_betterstatisticsmanager.cxx	The stripped set_text behavior is reconstructed on the imported 0x48 source-matching entity layout using physics_RT allocation helpers where ownership crosses the DLL boundary.
IVP_BetterStatisticsmanager_Data_Entity	set_position		nearby-source-basis	ivp_physics/ivp_betterstatisticsmanager.cxx	The stripped set_position behavior is reconstructed on the imported 0x48 source-matching entity layout using physics_RT allocation helpers where ownership crosses the DLL boundary.
IVP_BetterStatisticsmanager_Data_Entity	IVP_BetterStatisticsmanager_Data_Entity		nearby-source-basis	ivp_physics/ivp_betterstatisticsmanager.cxx	The stripped IVP_BetterStatisticsmanager_Data_Entity behavior is reconstructed on the imported 0x48 source-matching entity layout using physics_RT allocation helpers where ownership crosses the DLL boundary.
IVP_BetterStatisticsmanager_Data_Entity	~IVP_BetterStatisticsmanager_Data_Entity		nearby-source-basis	ivp_physics/ivp_betterstatisticsmanager.cxx	The stripped ~IVP_BetterStatisticsmanager_Data_Entity behavior is reconstructed on the imported 0x48 source-matching entity layout using physics_RT allocation helpers where ownership crosses the DLL boundary.
IVP_BetterStatisticsmanager	IVP_BetterStatisticsmanager		host-test	tests/IvpRetailContactLifecycleTest.cpp	The rolling Ballance diagnostics scenario exercises IVP_BetterStatisticsmanager through manager timing, registration, filtering or lifecycle behavior.
IVP_BetterStatisticsmanager	print		host-test	tests/IvpRetailContactLifecycleTest.cpp	The rolling Ballance diagnostics scenario exercises print through manager timing, registration, filtering or lifecycle behavior.
IVP_BetterStatisticsmanager	set_simulation_time		host-test	tests/IvpRetailContactLifecycleTest.cpp	The rolling Ballance diagnostics scenario exercises set_simulation_time through manager timing, registration, filtering or lifecycle behavior.
IVP_BetterStatisticsmanager	install_data_entity		host-test	tests/IvpRetailContactLifecycleTest.cpp	The rolling Ballance diagnostics scenario exercises install_data_entity through manager timing, registration, filtering or lifecycle behavior.
IVP_BetterStatisticsmanager	remove_data_entity		host-test	tests/IvpRetailContactLifecycleTest.cpp	The rolling Ballance diagnostics scenario exercises remove_data_entity through manager timing, registration, filtering or lifecycle behavior.
IVP_BetterStatisticsmanager	install_output_callback		host-test	tests/IvpRetailContactLifecycleTest.cpp	The rolling Ballance diagnostics scenario exercises install_output_callback through manager timing, registration, filtering or lifecycle behavior.
IVP_BetterStatisticsmanager	remove_output_callback		host-test	tests/IvpRetailContactLifecycleTest.cpp	The rolling Ballance diagnostics scenario exercises remove_output_callback through manager timing, registration, filtering or lifecycle behavior.
IVP_BetterStatisticsmanager	enable		host-test	tests/IvpRetailContactLifecycleTest.cpp	The rolling Ballance diagnostics scenario exercises enable through manager timing, registration, filtering or lifecycle behavior.
IVP_BetterStatisticsmanager	disable		host-test	tests/IvpRetailContactLifecycleTest.cpp	The rolling Ballance diagnostics scenario exercises disable through manager timing, registration, filtering or lifecycle behavior.
IVP_BetterStatisticsmanager	get_state		host-test	tests/IvpRetailContactLifecycleTest.cpp	The rolling Ballance diagnostics scenario exercises get_state through manager timing, registration, filtering or lifecycle behavior.
IVP_BetterStatisticsmanager	~IVP_BetterStatisticsmanager		host-test	tests/IvpRetailContactLifecycleTest.cpp	The rolling Ballance diagnostics scenario exercises ~IVP_BetterStatisticsmanager through manager timing, registration, filtering or lifecycle behavior.
IVP_BetterStatisticsmanager_Data_Entity	set_int_value		host-test	tests/IvpRetailContactLifecycleTest.cpp	The rolling diagnostics scenario exercises set_int_value with scalar, history-array, label, position, gating or ownership state.
IVP_BetterStatisticsmanager_Data_Entity	set_double_value		host-test	tests/IvpRetailContactLifecycleTest.cpp	The rolling diagnostics scenario exercises set_double_value with scalar, history-array, label, position, gating or ownership state.
IVP_BetterStatisticsmanager_Data_Entity	set_array_size		host-test	tests/IvpRetailContactLifecycleTest.cpp	The rolling diagnostics scenario exercises set_array_size with scalar, history-array, label, position, gating or ownership state.
IVP_BetterStatisticsmanager_Data_Entity	set_int_array_latest_value		host-test	tests/IvpRetailContactLifecycleTest.cpp	The rolling diagnostics scenario exercises set_int_array_latest_value with scalar, history-array, label, position, gating or ownership state.
IVP_BetterStatisticsmanager_Data_Entity	set_double_array_latest_value		host-test	tests/IvpRetailContactLifecycleTest.cpp	The rolling diagnostics scenario exercises set_double_array_latest_value with scalar, history-array, label, position, gating or ownership state.
IVP_BetterStatisticsmanager_Data_Entity	enable		host-test	tests/IvpRetailContactLifecycleTest.cpp	The rolling diagnostics scenario exercises enable with scalar, history-array, label, position, gating or ownership state.
IVP_BetterStatisticsmanager_Data_Entity	disable		host-test	tests/IvpRetailContactLifecycleTest.cpp	The rolling diagnostics scenario exercises disable with scalar, history-array, label, position, gating or ownership state.
IVP_BetterStatisticsmanager_Data_Entity	get_state		host-test	tests/IvpRetailContactLifecycleTest.cpp	The rolling diagnostics scenario exercises get_state with scalar, history-array, label, position, gating or ownership state.
IVP_BetterStatisticsmanager_Data_Entity	set_text		host-test	tests/IvpRetailContactLifecycleTest.cpp	The rolling diagnostics scenario exercises set_text with scalar, history-array, label, position, gating or ownership state.
IVP_BetterStatisticsmanager_Data_Entity	set_position		host-test	tests/IvpRetailContactLifecycleTest.cpp	The rolling diagnostics scenario exercises set_position with scalar, history-array, label, position, gating or ownership state.
IVP_BetterStatisticsmanager_Data_Entity	IVP_BetterStatisticsmanager_Data_Entity		host-test	tests/IvpRetailContactLifecycleTest.cpp	The rolling diagnostics scenario exercises IVP_BetterStatisticsmanager_Data_Entity with scalar, history-array, label, position, gating or ownership state.
IVP_BetterStatisticsmanager_Data_Entity	~IVP_BetterStatisticsmanager_Data_Entity		host-test	tests/IvpRetailContactLifecycleTest.cpp	The rolling diagnostics scenario exercises ~IVP_BetterStatisticsmanager_Data_Entity with scalar, history-array, label, position, gating or ownership state.
IVP_BetterStatisticsmanager_Callback_Interface	output_request		host-test	tests/IvpRetailContactLifecycleTest.cpp	A concrete diagnostics sink exercises the output_request pure-virtual contract and records manager dispatch.
IVP_BetterStatisticsmanager_Callback_Interface	enable		host-test	tests/IvpRetailContactLifecycleTest.cpp	A concrete diagnostics sink exercises the enable pure-virtual contract and records manager dispatch.
IVP_BetterStatisticsmanager_Callback_Interface	disable		host-test	tests/IvpRetailContactLifecycleTest.cpp	A concrete diagnostics sink exercises the disable pure-virtual contract and records manager dispatch.
IVP_Core	*		layout-retail	docs/zh-CN/ivp-retail-differences.md	Retail IVP_Core::init clears 0x8E dwords (0x238 bytes); the full constructor and destructor independently access the embedded object/controller vectors at +0x50/+0x1C8 and simulation unit at +0x1D4, matching the reconstructed 0x60/0x1A8/0x1C8/0x238 inheritance.
IVP_Core	clip_velocity		host-test	tests/IvpImmediateFreezeTest.cpp	The Ballance velocity-policy case clips a 3-4-5 linear vector to 100, angular speed to 10, and then applies independent per-axis spin limits 2/3/4 while recording anomaly-manager callbacks.
IVP_Core	apply_velocity_limit		host-test	tests/IvpImmediateFreezeTest.cpp	The same Core case applies limits to stored speed and pending deltas, including the early IVP rule that tests pending angular change against the pending linear-change length.
IVP_Core	revive_adjacent_to_unmoveable		host-test	tests/IvpCoreRecompileTest.cpp	Static/movable and static/static contact-topology cases distinguish neighbor revival plus material/friction recompilation from contact destruction, and verify transaction cleanup.
IVP_Core	union_find_get_father		host-test	tests/IvpSimulationUnitSplitFuseTest.cpp	The simulation-unit split/fuse scenario exercises the retained union-find walk and confirms the exact DLL body returns the terminal father.
IVP_Collision_Filter_Coll_Group_Ident	check_objects_for_collision_detection		host-test	tests/IvpRetailContactLifecycleTest.cpp	The exact retail filter rejects equal nonempty Ballance no-collision group identifiers and accepts distinct or empty identifiers.
IVP_Collision_Filter_Coll_Group_Ident	environment_will_be_deleted		host-test	tests/IvpRetailContactLifecycleTest.cpp	The exact retail environment callback preserves a group filter constructed with deletion disabled.
IVP_Collision_Filter_Exclusive_Pair	environment_will_be_deleted		host-test	tests/IvpRetailContactLifecycleTest.cpp	An exclusive-pair filter allocated with the retail allocator is destroyed and freed through the exact retail environment-deletion body and vtable.
IVP_Meta_Collision_Filter	check_objects_for_collision_detection		host-test	tests/IvpRetailContactLifecycleTest.cpp	The exact meta-filter body calls both installed child filters and combines their accept/reject results with logical AND.
IVP_Meta_Collision_Filter	environment_will_be_deleted		host-test	tests/IvpRetailContactLifecycleTest.cpp	The exact retail callback dispatches environment deletion to every child, removes all entries, and leaves an empty non-self-deleting meta filter accepting collisions.
IVP_Core_Fast_Static	*		layout-retail	docs/zh-CN/ivp-retail-differences.md	Retail Core instructions confirm the 0x60 static prefix, inertia at +0x14/+0x34, mass scalars in the Hesse components, and the derived PSI/Fast/Core boundaries without any vptr.
IVP_Core_Fast_Static	get_inv_masses		nearby-source-basis	ivp_physics/ivp_core.hxx	The inline public accessor reinterprets the retail-confirmed inverse-inertia Hesse at +0x34 as the four-component solver view.
IVP_Core_Fast_Static	get_mass		nearby-source-basis	ivp_physics/ivp_core.hxx	The inline public accessor reads mass from rot_inertia.hesse_val at retail-confirmed offset +0x20.
IVP_Core_Fast_Static	get_rot_inertia		nearby-source-basis	ivp_physics/ivp_core.hxx	The inline public accessor returns the three-axis view of rot_inertia at retail-confirmed offset +0x14.
IVP_Core_Fast_Static	get_inv_rot_inertia		nearby-source-basis	ivp_physics/ivp_core.hxx	The inline public accessor returns the three-axis view of inv_rot_inertia at retail-confirmed offset +0x34.
IVP_Core_Fast_Static	get_inv_mass		nearby-source-basis	ivp_physics/ivp_core.hxx	The inline public accessor reads inverse mass from inv_rot_inertia.hesse_val at retail-confirmed offset +0x40.
IVP_Core_Fast_Static	get_inv_masses		host-test	tests/IvpCoreRecompileTest.cpp	After a Ballance material recompile, the four-component solver view aliases the recalculated inverse inertia storage exactly.
IVP_Core_Fast_Static	get_mass		host-test	tests/IvpCoreRecompileTest.cpp	The post-recompile physical state exposes the mass stored alongside rotation inertia through the restored public prefix.
IVP_Core_Fast_Static	get_rot_inertia		host-test	tests/IvpCoreRecompileTest.cpp	The material-change scenario confirms the public rotation-inertia view aliases the Core field used by the retail recalculation path.
IVP_Core_Fast_Static	get_inv_rot_inertia		host-test	tests/IvpCoreRecompileTest.cpp	The material-change scenario reads the recalculated per-axis inverse inertia through the restored public prefix.
IVP_Core_Fast_Static	get_inv_mass		host-test	tests/IvpCoreRecompileTest.cpp	The material-change scenario observes the recalculated inverse mass through the same prefix used by reaction and friction solvers.
IVP_Compact_Surface	get_size		nearby-source-basis	ivp_surface_manager/ivp_compact_surface.hxx	The public inline accessor returns the upper 24-bit byte_size field from the retail-confirmed 0x30 compact-surface header.
IVP_Compact_Surface	get_compact_ledge_tree_root		nearby-source-basis	ivp_surface_manager/ivp_compact_surface.hxx	The public inline accessor adds offset_ledgetree_root at +0x20 to the compact-surface base.
IVP_Compact_Surface	get_size		host-test	tests/IvpRetailContactLifecycleTest.cpp	A tetrahedron compiled through the exact Ballance pointsoup and Ledge Soup bodies reports a complete allocation larger than its 0x30 header.
IVP_Compact_Surface	get_compact_ledge_tree_root		host-test	tests/IvpRetailContactLifecycleTest.cpp	The exact-DLL tetrahedron surface resolves its non-null ledgetree root through the restored public offset accessor.
IVP_Collision_Filter_Coll_Group_Ident	~IVP_Collision_Filter_Coll_Group_Ident		nearby-source-basis	ivp_collision/ivp_collision_filter.cxx	The neighboring derived destructor body is empty. Retained complete RVA 0x14940 restores the derived vptr and tail-calls the verified three-slot Collision Filter base destructor.
IVP_Meta_Collision_Filter	~IVP_Meta_Collision_Filter		nearby-source-basis	ivp_collision/ivp_collision_filter.cxx	The neighboring explicit destructor body is empty because compiler-generated member destruction releases the non-owning vector. Ballance retains an equivalent complete destructor at RVA 0x14CE0, which the wrapper calls directly.
IVP_Collision_Filter_Coll_Group_Ident	~IVP_Collision_Filter_Coll_Group_Ident		host-test	tests/IvpRetailContactLifecycleTest.cpp	The exact-DLL group-filter scenario completes stack lifetime after the retained environment callback leaves its non-self-deleting instance alive.
IVP_Meta_Collision_Filter	~IVP_Meta_Collision_Filter		host-test	tests/IvpRetailContactLifecycleTest.cpp	After the exact environment callback empties the child vector, stack destruction completes without deleting the externally owned child filters.
IVP_PerformanceCounter	IVP_PerformanceCounter		nearby-source-basis	ivp_physics/ivp_performancecounter.hxx	The abstract six-slot interface has an explicitly empty protected-state-free constructor and remains exactly one vptr wide.
IVP_PerformanceCounter_Simple	~IVP_PerformanceCounter_Simple		nearby-source-basis	ivp_physics/ivp_performancecounter.cxx	The class-specific complete destructor is empty in the neighboring implementation and requires no storage or ownership behavior beyond base destruction.
IVP_PerformanceCounter	IVP_PerformanceCounter		host-test	tests/IvpRetailContactLifecycleTest.cpp	Construction of the exact-DLL Simple counter exercises the restored zero-storage base constructor without altering the six-slot interface.
IVP_PerformanceCounter_Simple	IVP_PerformanceCounter_Simple		host-test	tests/IvpRetailContactLifecycleTest.cpp	The retained retail constructor clears both reference words, the PSI count and every timing bucket in the complete 0xA8 object.
IVP_PerformanceCounter_Simple	start_pcount		host-test	tests/IvpRetailContactLifecycleTest.cpp	A real PSI timing cycle enters the retained Windows body, which selects PSI_START but deliberately does not increment count_PSIs.
IVP_PerformanceCounter_Simple	pcount		host-test	tests/IvpRetailContactLifecycleTest.cpp	The retained Windows body increments count_PSIs specifically on IVP_PE_PSI_UNIVERSE, samples elapsed cycles, then advances to IVP_PE_PSI_CONTROLLERS without asserting machine-dependent totals.
IVP_PerformanceCounter_Simple	stop_pcount		host-test	tests/IvpRetailContactLifecycleTest.cpp	The Ballance Windows stop hook is an intentional no-op and preserves the selected timing bucket after a PSI segment.
IVP_PerformanceCounter_Simple	~IVP_PerformanceCounter_Simple		host-test	tests/IvpRetailContactLifecycleTest.cpp	The stack-owned exact-DLL timing counter completes its empty class-specific destruction after the PSI timing cycle.
IVP_Car_System	do_steering	?do_steering@IVP_Car_System@@UAEXM_N@Z	retail-signature-variant	docs/zh-CN/ivp-retail-differences.md	Ballance's imported 28-slot Car System base and both concrete car tables use the retained one-float steering slot; the neighboring bool parameter belongs to the later 31-slot revision.
IVP_Car_System	set_powerslide		retail-interface-absent	docs/zh-CN/ivp-retail-differences.md	The neighboring 31-slot interface adds set_powerslide, but Ballance's imported 28-slot base and 29-slot Raycast Car tables have no compatible slot; adding it would shift the retail ABI.
IVP_Car_System	get_booster_time_to_go		retail-interface-absent	docs/zh-CN/ivp-retail-differences.md	The neighboring virtual booster-time query has no slot in Ballance's 28-slot Car System table; the concrete Raycast Car compatibility query remains deliberately non-virtual.
IVP_Car_System	event_object_deleted		retail-interface-absent	docs/zh-CN/ivp-retail-differences.md	The neighboring trailing object-deletion callback is absent from Ballance's Car System table and cannot be appended without changing every derived vtable.
IVP_Multidimensional_Interpolator	*		layout-ida-only	tools/ivp/Inspect-IvpTypes.py	The imported Ballance UDT is 0x40 bytes and retains the four debug-counter pointers plus nr_one_vector_sufficient at +0x2C..+0x3C; this agrees with the neighboring DEBUG layout but no class-specific retail body survives.
IVP_Multidimensional_Interpolator	IVP_Multidimensional_Interpolator		nearby-source-basis	ivp_controller/ivp_multidimensional_interp.cxx	The link-stripped constructor is selectively reconstructed on the imported Ballance 0x40 layout and uses physics_RT allocation helpers for every owned vector and table.
IVP_Multidimensional_Interpolator	~IVP_Multidimensional_Interpolator		nearby-source-basis	ivp_controller/ivp_multidimensional_interp.hxx	The inline neighboring destructor defines ownership of every input, solution, scratch and diagnostic allocation; the reconstruction releases all of them through the matching physics_RT allocator boundary.
IVP_Multidimensional_Interpolator	get_nr_of_vectors		nearby-source-basis	ivp_controller/ivp_multidimensional_interp.hxx	The public inline getter reads the signed 8-bit vector-count field at Ballance layout offset +0x08.
IVP_Multidimensional_Interpolator	get_nr_occupied		nearby-source-basis	ivp_controller/ivp_multidimensional_interp.hxx	The public inline getter reads the occupied history count at Ballance layout offset +0x14.
IVP_Multidimensional_Interpolator	check_interpolation		nearby-source-basis	ivp_controller/ivp_multidimensional_interp.cxx	The stripped Givens-elimination, residual gate, extrapolation-weight gate, history weighting and ordering algorithm is reconstructed without introducing a fabricated retail RVA.
IVP_Multidimensional_Interpolator	add_new_input_solution_combination_conventional		nearby-source-basis	ivp_controller/ivp_multidimensional_interp.cxx	The stripped FIFO insertion and timestamp/weight policy is reconstructed over the verified pointer-array layout.
IVP_Multidimensional_Interpolator	add_new_input_solution_combination_stochastic		nearby-source-basis	ivp_controller/ivp_multidimensional_interp.cxx	The stripped deterministic 101-step replacement sequence and strict descending-weight reorder are reconstructed over the verified pointer-array layout.
IVP_Multidimensional_Interpolator	IVP_Multidimensional_Interpolator		host-test	tests/IvpBuoyancyInterpolationTest.cpp	A four-sample buoyancy-history cache constructs all input, solution, scratch and diagnostic storage through the injected physics_RT allocator boundary.
IVP_Multidimensional_Interpolator	~IVP_Multidimensional_Interpolator		host-test	tests/IvpBuoyancyInterpolationTest.cpp	Two complete interpolator lifetimes release every nested retail allocation after successful, rejected and replacement paths.
IVP_Multidimensional_Interpolator	get_nr_of_vectors		host-test	tests/IvpBuoyancyInterpolationTest.cpp	The buoyancy cache reports the configured four-sample history capacity.
IVP_Multidimensional_Interpolator	get_nr_occupied		host-test	tests/IvpBuoyancyInterpolationTest.cpp	Three conventional fluid-solver observations advance occupancy without counting the scratch solution slot.
IVP_Multidimensional_Interpolator	check_interpolation		host-test	tests/IvpBuoyancyInterpolationTest.cpp	Submerged fraction and downward speed interpolate lift/damping impulses on an affine response plane, while unsafe extrapolation is rejected and diagnostic counters identify the path.
IVP_Multidimensional_Interpolator	add_new_input_solution_combination_conventional		host-test	tests/IvpBuoyancyInterpolationTest.cpp	Three ordered buoyancy solver runs establish an independently checkable force/torque response plane and exact-history reuse.
IVP_Multidimensional_Interpolator	add_new_input_solution_combination_stochastic		host-test	tests/IvpBuoyancyInterpolationTest.cpp	A deliberately non-affine replacement force proves the selected stale sample is consumed by the next interpolation rather than hidden by the old response plane.
IVP_Statisticsmanager_Console_Callback	*		layout-ida-only	tools/ivp/Inspect-IvpTypes.py	The imported Ballance UDT is exactly the 0x04 callback-interface base with no additional fields; no class-specific body or concrete vtable survives linking.
IVP_Statisticsmanager_Console_Callback	IVP_Statisticsmanager_Console_Callback		nearby-source-basis	ivp_physics/ivp_stat_manager_cback_con.cxx	The public constructor and private three-slot callback implementation are complete in the neighboring source and require no storage beyond the Ballance-compatible callback vptr.
IVP_Statisticsmanager_Console_Callback	IVP_Statisticsmanager_Console_Callback		host-test	tests/IvpRetailContactLifecycleTest.cpp	The stock console sink is installed in a real Better Statistics manager and prints the Ballance gameplay counter 'Ball contacts: 42' through virtual callback dispatch.
IVP_Halfspacesoup	*		layout-ida-only	tools/ivp/Inspect-IvpTypes.py	The imported Ballance UDT is exactly the 0x08 IVP_U_Vector<IVP_U_Hesse> base with no additional fields; no class-specific retail body survives linking.
IVP_SurfaceBuilder_Halfspacesoup	*		layout-not-applicable	ivp_compact_builder/ivp_surbuild_halfspacesoup.hxx; include/BML/IVP/SurfaceBuilder.h	Every public operation is static and no instance or this-pointer crosses the ABI; an imported 0x01 empty-class size is therefore not runtime layout evidence.
IVP_Halfspacesoup	IVP_Halfspacesoup	??0IVP_Halfspacesoup@@QAE@XZ	nearby-source-basis	ivp_compact_builder/ivp_halfspacesoup.hxx	The inline empty constructor preserves the imported 0x08 vector-only layout.
IVP_Halfspacesoup	IVP_Halfspacesoup	??0IVP_Halfspacesoup@@QAE@PBVIVP_Compact_Ledge@@@Z	nearby-source-basis	ivp_compact_builder/ivp_halfspacesoup.cxx	The compact-ledge constructor is reconstructed over the imported 0x08 vector layout; triangle planes are oriented toward the enclosed centroid to preserve the documented invariant across compact-builder winding variants.
IVP_Halfspacesoup	add_halfspace		nearby-source-basis	ivp_compact_builder/ivp_halfspacesoup.cxx	The neighboring near-parallel-plane suppression policy is reproduced with Ballance's P_MIN_EDGE_LEN-derived 0.0001 tolerance.
IVP_Halfspacesoup	~IVP_Halfspacesoup		nearby-source-basis	ivp_compact_builder/ivp_halfspacesoup.cxx	The complete neighboring destructor owns every plane and then releases the inherited vector table; the reconstruction preserves that ownership boundary.
IVP_SurfaceBuilder_Halfspacesoup	convert_halfspacesoup_to_points		nearby-source-basis	ivp_compact_builder/ivp_surbuild_halfspacesoup.cxx	The stripped triple-plane intersection, enclosed-volume rejection and near-point merge algorithm is selectively reconstructed using already verified Ballance point/Hesse/vector primitives.
IVP_SurfaceBuilder_Halfspacesoup	convert_halfspacesoup_to_compact_ledge		nearby-source-basis	ivp_compact_builder/ivp_surbuild_halfspacesoup.cxx	The stripped adapter reconstructs intersection points and delegates final hull compilation to the retained Ballance Pointsoup entry.
IVP_SurfaceBuilder_Halfspacesoup	convert_halfspacesoup_to_compact_surface		nearby-source-basis	ivp_compact_builder/ivp_surbuild_halfspacesoup.cxx	The stripped adapter passes the rebuilt ledge through the retained Ballance Ledge Soup constructor/insert/compile/destructor chain.
IVP_Halfspacesoup	IVP_Halfspacesoup	??0IVP_Halfspacesoup@@QAE@XZ	host-test	tests/IvpRetailContactLifecycleTest.cpp	Default construction creates an empty owning soup that accepts four copied support planes.
IVP_Halfspacesoup	IVP_Halfspacesoup	??0IVP_Halfspacesoup@@QAE@PBVIVP_Compact_Ledge@@@Z	host-test	tests/IvpRetailContactLifecycleTest.cpp	Construction from an exact-DLL tetra ledge produces four inward support planes that accept the centroid and reject a distant exterior point.
IVP_Halfspacesoup	add_halfspace		host-test	tests/IvpRetailContactLifecycleTest.cpp	The tetra case retains four planes when a looser parallel plane is submitted and replaces one in-place when a tighter plane is submitted.
IVP_Halfspacesoup	~IVP_Halfspacesoup		host-test	tests/IvpRetailContactLifecycleTest.cpp	Two owning soups destroy copied and ledge-derived planes after all exact-DLL round trips without leaking or double-freeing inherited vector storage.
IVP_SurfaceBuilder_Halfspacesoup	convert_halfspacesoup_to_points		host-test	tests/IvpRetailContactLifecycleTest.cpp	Four support planes recovered from an exact Ballance tetra hull regenerate the original four vertices within 1e-8 squared distance.
IVP_SurfaceBuilder_Halfspacesoup	convert_halfspacesoup_to_compact_ledge		host-test	tests/IvpRetailContactLifecycleTest.cpp	The reconstructed points pass through the retained Ballance Pointsoup body and return a terminal four-point, four-triangle compact ledge.
IVP_SurfaceBuilder_Halfspacesoup	convert_halfspacesoup_to_compact_surface		host-test	tests/IvpRetailContactLifecycleTest.cpp	The same support planes pass through retained Pointsoup and Ledge Soup bodies to produce a full-size compact surface with a valid ledgetree root.
IVP_Compact_Modify	*		layout-not-applicable	ivp_surface_manager/ivp_compact_modify.hxx; include/BML/IVP/SurfaceBuilder.h	All three public methods are static; the empty helper is never passed across the DLL boundary, so its nominal compiler size is not part of the callable ABI.
IVP_Compact_Modify	chop		nearby-source-basis	ivp_compact_builder/ivp_compact_modify.cxx	The neighboring one-convex-ledge cut algorithm is reconstructed using the exact Polygon manager terminal-ledge traversal and the restored halfspace builder; null, zero-direction and multi-ledge inputs fail explicitly.
IVP_Compact_Modify	shrink	?shrink@IVP_Compact_Modify@@SAPAVIVP_Compact_Ledge@@PBV2@MN@Z	nearby-source-basis	ivp_compact_builder/ivp_compact_modify.cxx	The ledge overload shifts every inward support plane by the requested distance and rebuilds through retained Ballance Pointsoup.
IVP_Compact_Modify	shrink	?shrink@IVP_Compact_Modify@@SAPAVIVP_Compact_Surface@@PBV2@MN@Z	nearby-source-basis	ivp_compact_builder/ivp_compact_modify.cxx	The surface overload enumerates terminal ledges through the exact Ballance Polygon manager, shrinks each independently and compiles them through retained Ledge Soup.
IVP_Compact_Modify	chop		host-test	tests/IvpRetailContactLifecycleTest.cpp	A tetra compact surface generated by the exact DLL is cut 0.5 units along +X; the rebuilt hull has minimum X 0.5, preserves maximum X 3.0, and rejects a zero direction.
IVP_Compact_Modify	shrink	?shrink@IVP_Compact_Modify@@SAPAVIVP_Compact_Ledge@@PBV2@MN@Z	host-test	tests/IvpRetailContactLifecycleTest.cpp	Shrinking the exact-DLL tetra ledge by 0.1 yields four vertices whose distances from every original inward support plane are at least 0.095.
IVP_Compact_Modify	shrink	?shrink@IVP_Compact_Modify@@SAPAVIVP_Compact_Surface@@PBV2@MN@Z	host-test	tests/IvpRetailContactLifecycleTest.cpp	Shrinking the exact-DLL tetra surface preserves one terminal four-point ledge after retained Polygon traversal and Ledge Soup compilation.
IVP_Vec_PCore	*		layout-ida-only	tools/ivp/Inspect-IvpTypes.py	The imported Ballance UDT is exactly the 0x10 IVP_U_Float_Point base and adds no storage or vptr; no class-specific retail body survives linking.
IVP_Vec_PCore	IVP_Vec_PCore	??0IVP_Vec_PCore@@QAE@PBVIVP_Core@@PBVIVP_U_Float_Point@@@Z	nearby-source-basis	ivp_intern/ivp_core.cxx	The link-stripped convenience constructor applies inverse rotation from the retail-confirmed Core matrix at +0x128 and deliberately ignores translation because its input is a direction.
IVP_Vec_PCore	IVP_Vec_PCore	??0IVP_Vec_PCore@@QAE@PBVIVP_Core@@PBVIVP_U_Float_Point@@@Z	host-test	tests/IvpCoreRecompileTest.cpp	A Ballance steering direction transformed through a 90-degree world-from-core rotation maps from world +Y to core +X with no positional contribution.
IVP_Concave_Polyhedron_Face	*		layout-ida-only	tools/ivp/Inspect-IvpTypes.py	The imported Ballance face is exactly one 0x08 IVP_U_Vector of 0x04 signed point-index records, with no hidden tail storage.
IVP_Concave_Polyhedron_Face	add_offset	?add_offset@IVP_Concave_Polyhedron_Face@@QAEXH@Z	nearby-source-basis	ivp_compact_builder/ivp_convex_decompositor.cxx	The stripped method owns a newly allocated 32-bit index record. The reconstruction enforces the public header's duplicate-drop contract, which the nearby body accidentally omits.
IVP_Concave_Polyhedron_Face	~IVP_Concave_Polyhedron_Face	??_DIVP_Concave_Polyhedron_Face@@QAEXXZ	nearby-source-basis	ivp_compact_builder/ivp_convex_decompositor.cxx	The stripped destructor deletes every owned point-index record before the vector releases its pointer table.
IVP_Concave_Polyhedron_Face	add_offset	?add_offset@IVP_Concave_Polyhedron_Face@@QAEXH@Z	host-test	tests/IvpRetailContactLifecycleTest.cpp	An indexed Ballance floor face accepts three distinct vertices and drops a repeated final index before exact Pointsoup compilation.
IVP_Concave_Polyhedron_Face	~IVP_Concave_Polyhedron_Face	??_DIVP_Concave_Polyhedron_Face@@QAEXXZ	host-test	tests/IvpRetailContactLifecycleTest.cpp	Two stack-owned mesh faces release all owned index records after their exact-DLL ledges have been validated and freed.
IVP_Convex_Subpart	*		layout-ida-only	tools/ivp/Inspect-IvpTypes.py	The imported Ballance convex subpart is exactly one 0x08 IVP_U_Vector of owned point pointers with no hidden state.
IVP_Convex_Subpart	~IVP_Convex_Subpart	??_DIVP_Convex_Subpart@@QAEXXZ	nearby-source-basis	ivp_compact_builder/ivp_convex_decompositor.cxx	The stripped destructor deletes every owned point; the vector then releases only its pointer table.
IVP_SurfaceBuilder_Polyhedron_Concave	*		layout-not-applicable	ivp_compact_builder/ivp_surbuild_polyhedron_concave.hxx; include/BML/IVP/SurfaceBuilder.h	The public conversion surface is entirely static and never passes a builder instance or this-pointer across the ABI; the nominal empty-class size is not applicable.
IVP_SurfaceBuilder_Polyhedron_Concave	convert_concave_face_soup_to_compact_ledges	?convert_concave_face_soup_to_compact_ledges@IVP_SurfaceBuilder_Polyhedron_Concave@@SAXPAVIVP_Concave_Polyhedron@@PAV?$IVP_U_BigVector@VIVP_Compact_Ledge@@@@@Z	nearby-source-basis	ivp_compact_builder/ivp_surbuild_polyhdrn_cncv.cxx	The stripped adapter gathers each indexed face and delegates actual ledge generation to the retained Ballance Pointsoup entry; invalid faces and failed hulls are skipped safely.
IVP_SurfaceBuilder_Polyhedron_Concave	convert_concave_face_soup_to_compact_ledges	?convert_concave_face_soup_to_compact_ledges@IVP_SurfaceBuilder_Polyhedron_Concave@@SAXPAVIVP_Concave_Polyhedron@@PAV?$IVP_U_BigVector@VIVP_Compact_Ledge@@@@@Z	host-test	tests/IvpRetailContactLifecycleTest.cpp	Indexed floor and ramp faces compile through the original DLL into two independent terminal three-point collision ledges, matching a practical imported-platform mesh path.
IVP_Compact_Grid	*		layout-ida-only	tools/ivp/Inspect-IvpTypes.py	The imported Ballance compact-grid header is 0xB0 with matrix, dimensions, byte size and relative element/ledge offsets exactly matching nearby source.
IVP_Template_Compact_Grid	*		layout-ida-only	tools/ivp/Inspect-IvpTypes.py	The imported Ballance heightfield template is 0x34 and agrees field-for-field with the nearby public declaration.
IVP_SurfaceManager_Grid	*		layout-ida-only	tools/ivp/Inspect-IvpTypes.py	The imported Ballance Grid manager is the 0x04 SurfaceManager vptr followed by compact_grid at +0x04; no concrete retail vtable survives.
IVP_Compact_Grid	get_grid_elements		nearby-source-basis	ivp_surface_manager/ivp_compact_grid.hxx	Inline relative-offset accessor over the verified 0xB0 variable-size header.
IVP_Compact_Grid	get_compact_ledge_at		nearby-source-basis	ivp_surface_manager/ivp_compact_grid.hxx	Inline indexed relative-offset accessor over the verified compact ledge table.
IVP_Template_Compact_Grid	IVP_Template_Compact_Grid		nearby-source-basis	ivp_surface_manager/ivp_gridbuild_array.cxx	The stripped constructor clears the complete verified 0x34 parameter object.
IVP_SurfaceManager_Grid	IVP_SurfaceManager_Grid		nearby-source-basis	ivp_surface_manager/ivp_surman_grid.hxx	Inline constructor stores compact_grid into the verified +0x04 field.
IVP_SurfaceManager_Grid	add_reference_to_ledge		nearby-source-basis	ivp_surface_manager/ivp_surman_grid.cxx	Grid ledges are owned by the contiguous grid allocation; the public reference hook is intentionally empty.
IVP_SurfaceManager_Grid	remove_reference_to_ledge		nearby-source-basis	ivp_surface_manager/ivp_surman_grid.cxx	Grid ledges are owned by the contiguous grid allocation; the public dereference hook is intentionally empty.
IVP_SurfaceManager_Grid	get_all_ledges_within_radius		nearby-source-basis	ivp_surface_manager/ivp_surman_grid.cxx	Reconstructed cell-range traversal deduplicates ledge indices and uses exact retail RVA 0x21550 for the neighboring two-triangle distance gate.
IVP_SurfaceManager_Grid	get_all_terminal_ledges		nearby-source-basis	ivp_surface_manager/ivp_surman_grid.cxx	Full terminal enumeration reuses verified grid traversal with an unbounded radius.
IVP_SurfaceManager_Grid	get_compact_grid		nearby-source-basis	ivp_surface_manager/ivp_surman_grid.hxx	Inline getter returns the verified +0x04 compact-grid pointer.
IVP_SurfaceManager_Grid	get_mass_center		nearby-source-basis	ivp_surface_manager/ivp_surman_grid.cxx	Copies the compact-grid center from the verified header.
IVP_SurfaceManager_Grid	get_radius_and_radius_dev_to_given_center		nearby-source-basis	ivp_surface_manager/ivp_surman_grid.cxx	Returns the compact-grid radius for both conservative radius outputs.
IVP_SurfaceManager_Grid	get_rotation_inertia		nearby-source-basis	ivp_surface_manager/ivp_surman_grid.cxx	Returns the neighboring conservative radius-squared inertia vector.
IVP_SurfaceManager_Grid	get_single_convex		nearby-source-basis	ivp_surface_manager/ivp_surman_grid.cxx	Grid managers never advertise the variable-cell surface as one convex ledge.
IVP_SurfaceManager_Grid	get_type		nearby-source-basis	ivp_surface_manager/ivp_surman_grid.cxx	Grid geometry participates in the retail polygon surface-manager branch.
IVP_SurfaceManager_Grid	insert_all_ledges_hitting_ray		nearby-source-basis	ivp_surface_manager/ivp_surman_grid.cxx	The stripped ray adapter uses the restored grid broad phase and retained Ballance object-space ray solver.
IVP_SurfaceManager_Grid	~IVP_SurfaceManager_Grid		nearby-source-basis	ivp_surface_manager/ivp_surman_grid.cxx	The neighboring class-specific destructor is empty because the manager borrows the contiguous grid allocation.
IVP_Compact_Grid	get_grid_elements		host-test	tests/IvpRetailContactLifecycleTest.cpp	A contiguous two-cell terrain allocation resolves its four-element table at the verified relative offset.
IVP_Compact_Grid	get_compact_ledge_at		host-test	tests/IvpRetailContactLifecycleTest.cpp	Two copied exact-DLL triangle ledges resolve independently through the compact offset table.
IVP_Template_Compact_Grid	IVP_Template_Compact_Grid		host-test	tests/IvpRetailContactLifecycleTest.cpp	Default construction clears both axle counts and field size across the Ballance 0x34 template.
IVP_SurfaceManager_Grid	IVP_SurfaceManager_Grid		host-test	tests/IvpRetailContactLifecycleTest.cpp	A manager is constructed over a variable-size terrain grid containing exact-DLL compact ledges.
IVP_SurfaceManager_Grid	add_reference_to_ledge		host-test	tests/IvpRetailContactLifecycleTest.cpp	The no-op reference hook preserves grid-owned ledges in the terrain scenario.
IVP_SurfaceManager_Grid	remove_reference_to_ledge		host-test	tests/IvpRetailContactLifecycleTest.cpp	The no-op dereference hook leaves grid-owned ledges untouched.
IVP_SurfaceManager_Grid	get_all_ledges_within_radius		host-test	tests/IvpRetailContactLifecycleTest.cpp	A local terrain query returns one cell despite a duplicate index and rejects the same two-sided triangle ten metres above it through the exact DLL distance kernel.
IVP_SurfaceManager_Grid	get_all_terminal_ledges		host-test	tests/IvpRetailContactLifecycleTest.cpp	Full terrain enumeration returns both distinct compact ledges exactly once.
IVP_SurfaceManager_Grid	get_compact_grid		host-test	tests/IvpRetailContactLifecycleTest.cpp	The manager returns the exact borrowed contiguous grid allocation.
IVP_SurfaceManager_Grid	get_mass_center		host-test	tests/IvpRetailContactLifecycleTest.cpp	The terrain manager reports the configured object-space grid center.
IVP_SurfaceManager_Grid	get_radius_and_radius_dev_to_given_center		host-test	tests/IvpRetailContactLifecycleTest.cpp	The terrain manager reports the configured three-metre conservative radius in both outputs.
IVP_SurfaceManager_Grid	get_rotation_inertia		host-test	tests/IvpRetailContactLifecycleTest.cpp	The three-metre grid radius produces the neighboring conservative 9/9/9 inertia vector.
IVP_SurfaceManager_Grid	get_single_convex		host-test	tests/IvpRetailContactLifecycleTest.cpp	The two-cell terrain is correctly not exposed as a single convex ledge.
IVP_SurfaceManager_Grid	get_type		host-test	tests/IvpRetailContactLifecycleTest.cpp	The reconstructed manager selects the polygon collision branch used by Ballance objects.
IVP_SurfaceManager_Grid	~IVP_SurfaceManager_Grid		host-test	tests/IvpRetailContactLifecycleTest.cpp	Stack destruction completes without taking ownership of the separately freed compact grid.
IVP_GridBuilder_Array	*		layout-ida-only	tools/ivp/Inspect-IvpTypes.py	The imported Ballance builder occupies 0x440 bytes, agreeing with the neighboring fixed two-row strip workspace; the public static conversion does not expose or depend on those private foreign fields.
IVP_GridBuilder_Array	convert_array_to_compact_grid	?convert_array_to_compact_grid@IVP_GridBuilder_Array@@SAPAVIVP_Compact_Grid@@PAVIVP_Environment@@PBVIVP_Template_Compact_Grid@@PAM@Z	nearby-source-basis	ivp_surface_manager/ivp_gridbuild_array.cxx	The stripped public compiler is selectively reconstructed around the verified axis mapping, inverse transform, bounding center/radius and contiguous relative-offset format; individual triangles are produced by the retained Ballance Pointsoup body instead of importing the foreign convex-strip optimizer.
IVP_GridBuilder_Array	~IVP_GridBuilder_Array	??_DIVP_GridBuilder_Array@@QAEXXZ	nearby-source-basis	ivp_surface_manager/ivp_gridbuild_array.cxx	The neighboring destructor is empty because all temporary strip storage belongs to its transaction allocator; the compatible public destructor therefore has no ownership action.
IVP_GridBuilder_Array	convert_array_to_compact_grid	?convert_array_to_compact_grid@IVP_GridBuilder_Array@@SAPAVIVP_Compact_Grid@@PAVIVP_Environment@@PBVIVP_Template_Compact_Grid@@PAM@Z	host-test	tests/IvpRetailContactLifecycleTest.cpp	A 3x3 Ballance terrain with reversed Y rows, +X columns, a non-zero XYZ origin and a rising Z ramp compiles through exact-DLL Pointsoup into a queryable 2x2 compact grid with verified center, radius and per-cell references.
IVP_Compact_Surface	*		layout-retail	physics_RT.dll RVA 0x39600 and 0x39B30; tests/IvpRetailContactLifecycleTest.cpp	The retained allocator writes the complete 0x30 header boundary, packed size at +0x1C, ledgetree root at +0x20 and the +0x24/+0x28/+0x2C tail; retained radius finalization writes mass center +0x00, inertia +0x0C, radius +0x18 and the low deviation byte. Exact-DLL tetra compilation validates centroid 0.75/1/0.5, retail inertia 0.6184659/0.3693322/0.6884086, bounds, offsets and zero tail.
IVP_Compact_Surface	byte_swap	?byte_swap@IVP_Compact_Surface@@QAEXXZ	nearby-source-basis	ivp_surface_manager/ivp_compact_surface.cxx	The stripped header conversion is reproduced field-by-field, including the compiler-specific MSVC-to-PowerPC reordering of the 8/24 deviation-and-size bitfield.
IVP_Compact_Surface	byte_swap_all	?byte_swap_all@IVP_Compact_Surface@@QAEXW4IVP_BOOL@@H@Z	nearby-source-basis	ivp_surface_manager/ivp_compact_surface.cxx	The stripped recursive conversion preserves the neighboring Windows ordering: shared hull points and packed triangles/edges are converted once, ledgetree nodes post-order, and the surface header last.
IVP_Compact_Surface	byte_swap	?byte_swap@IVP_Compact_Surface@@QAEXXZ	host-test	tests/IvpRetailContactLifecycleTest.cpp	An exact-DLL tetra surface serializes its mass center, root offset and packed 8/24 header into independently decoded big-endian values.
IVP_Compact_Surface	byte_swap_all	?byte_swap_all@IVP_Compact_Surface@@QAEXW4IVP_BOOL@@H@Z	host-test	tests/IvpRetailContactLifecycleTest.cpp	A copied exact-DLL tetra surface converts all four shared points once and preserves every decoded ledge size, triangle/pierce/material field and signed edge-opposite index in PowerPC bitfield order.
IVP_Convex_Decompositor	*		layout-not-applicable	ivp_compact_builder/ivp_convex_decompositor.hxx; include/BML/IVP/SurfaceBuilder.h	Its only public entry is static and the selective reconstruction never instantiates or passes this helper; no object layout participates in the Ballance ABI.
IVP_Convex_Decompositor	perform_convex_decomposition_on_concave_polyhedron	?perform_convex_decomposition_on_concave_polyhedron@IVP_Convex_Decompositor@@SAHPAVIVP_Concave_Polyhedron@@PAVIVP_Convex_Decompositor_Parameters@@PAV?$IVP_U_BigVector@VIVP_Convex_Subpart@@@@@Z	nearby-source-basis	ivp_compact_builder/ivp_convex_decompositor.cxx	The stripped GEOMPACK adapter is replaced narrowly: convex inputs remain one point soup, while a concave closed mesh is tetrahedralized only when the vertex centroid is proven behind every counter-clockwise outward face; unsupported non-star-shaped input returns zero.
IVP_SurfaceBuilder_Polyhedron_Concave	convert_concave_polyhedron_to_compact_ledges	?convert_concave_polyhedron_to_compact_ledges@IVP_SurfaceBuilder_Polyhedron_Concave@@SAHPAVIVP_Concave_Polyhedron@@PAVIVP_Convex_Decompositor_Parameters@@PAV?$IVP_U_BigVector@VIVP_Compact_Ledge@@@@@Z	nearby-source-basis	ivp_compact_builder/ivp_surbuild_polyhdrn_cncv.cxx	The neighboring ownership adapter is preserved: every decomposed point soup is compiled by retained Ballance Pointsoup, appended when successful, and its owning subpart is deleted.
IVP_SurfaceBuilder_Polyhedron_Concave	convert_concave_polyhedron_to_single_compact_surface	?convert_concave_polyhedron_to_single_compact_surface@IVP_SurfaceBuilder_Polyhedron_Concave@@SAPAVIVP_Compact_Surface@@PAVIVP_Concave_Polyhedron@@PAVIVP_Convex_Decompositor_Parameters@@@Z	nearby-source-basis	ivp_compact_builder/ivp_surbuild_polyhdrn_cncv.cxx	The stripped surface adapter inserts all rebuilt convex ledges into retained Ballance Ledge Soup with root-hull and merge/reallocate options.
IVP_Convex_Decompositor	perform_convex_decomposition_on_concave_polyhedron	?perform_convex_decomposition_on_concave_polyhedron@IVP_Convex_Decompositor@@SAHPAVIVP_Concave_Polyhedron@@PAVIVP_Convex_Decompositor_Parameters@@PAV?$IVP_U_BigVector@VIVP_Convex_Subpart@@@@@Z	host-test	tests/IvpRetailContactLifecycleTest.cpp	A closed platform with a shallow inward roof dent produces fourteen four-point tetrahedral subparts; moving the dent below the floor is rejected with no partial output because the centroid leaves the proven kernel.
IVP_SurfaceBuilder_Polyhedron_Concave	convert_concave_polyhedron_to_compact_ledges	?convert_concave_polyhedron_to_compact_ledges@IVP_SurfaceBuilder_Polyhedron_Concave@@SAHPAVIVP_Concave_Polyhedron@@PAVIVP_Convex_Decompositor_Parameters@@PAV?$IVP_U_BigVector@VIVP_Compact_Ledge@@@@@Z	host-test	tests/IvpRetailContactLifecycleTest.cpp	All fourteen proven tetrahedra pass through the exact Ballance Pointsoup body and become independent terminal four-point compact ledges.
IVP_SurfaceBuilder_Polyhedron_Concave	convert_concave_polyhedron_to_single_compact_surface	?convert_concave_polyhedron_to_single_compact_surface@IVP_SurfaceBuilder_Polyhedron_Concave@@SAPAVIVP_Compact_Surface@@PAVIVP_Concave_Polyhedron@@PAVIVP_Convex_Decompositor_Parameters@@@Z	host-test	tests/IvpRetailContactLifecycleTest.cpp	The same dented platform compiles through exact Ballance Ledge Soup into a valid compact surface whose Polygon manager enumerates fourteen terminal convex pieces.
IVP_Template_SurfaceBuilder_3ds	*		layout-ida-only	tools/ivp/Inspect-IvpTypes.py	The imported Ballance template is exactly 0x04 bytes with one float scale at +0x00.
IVP_SurfaceBuilder_3ds	*		layout-not-applicable	ivp_compact_builder/ivp_surbuild_3ds.hxx; include/BML/IVP/SurfaceBuilder.h	The sole public conversion is static; no builder object or this-pointer crosses the ABI, so the imported empty-class size is not a layout claim.
IVP_Template_SurfaceBuilder_3ds	IVP_Template_SurfaceBuilder_3ds	??0IVP_Template_SurfaceBuilder_3ds@@QAE@XZ	nearby-source-basis	ivp_compact_builder/3dsimport_co.cxx	The stripped constructor initializes the only confirmed field, scale, to 1.0f exactly as the neighboring body.
IVP_SurfaceBuilder_3ds	convert_3ds_to_concave	?convert_3ds_to_concave@IVP_SurfaceBuilder_3ds@@SAPAVIVP_Concave_Polyhedron@@PBDPAVIVP_Template_SurfaceBuilder_3ds@@@Z	nearby-source-basis	ivp_compact_builder/3dsimport_co.cxx	The stripped adapter is selectively reconstructed around the neighboring 3DS chunk subset, exact-coordinate merge, scale and T-junction repair semantics; legacy global parser state and unrelated object-output code are not imported.
IVP_Template_SurfaceBuilder_3ds	IVP_Template_SurfaceBuilder_3ds	??0IVP_Template_SurfaceBuilder_3ds@@QAE@XZ	host-test	tests/IvpRetailContactLifecycleTest.cpp	A Ballance collision-mesh import applies a non-default 2.5 scale through the confirmed one-float template.
IVP_SurfaceBuilder_3ds	convert_3ds_to_concave	?convert_3ds_to_concave@IVP_SurfaceBuilder_3ds@@SAPAVIVP_Concave_Polyhedron@@PBDPAVIVP_Template_SurfaceBuilder_3ds@@@Z	host-test	tests/IvpRetailContactLifecycleTest.cpp	A generated closed tetrahedral 3DS becomes four indexed faces and then a valid exact-DLL compact surface; an out-of-range face index is rejected without returning partial geometry.
IVP_SurfaceBuilder_Q12	*		layout-ida-only	tools/ivp/Inspect-IvpTypes.py	The imported Ballance Q1/Q2 BSP builder is exactly 0x6C bytes; all array pointers, counts, conversion floats, statistics, path vector and halfspace pointer agree field-for-field with nearby source.
IVP_SurfaceBuilder_Q12	IVP_SurfaceBuilder_Q12	??0IVP_SurfaceBuilder_Q12@@QAE@XZ	nearby-source-basis	ivp_compact_builder/ivp_surbuild_q12.cxx	The stripped constructor initializes the confirmed pointers, scale and ownership flag and creates the two integer sentinels plus halfspace workspace.
IVP_SurfaceBuilder_Q12	~IVP_SurfaceBuilder_Q12	??_DIVP_SurfaceBuilder_Q12@@QAEXXZ	nearby-source-basis	ivp_compact_builder/ivp_surbuild_q12.cxx	The stripped destructor releases owned disk lumps, sentinels and the current halfspace workspace while preserving external-memory ownership.
IVP_SurfaceBuilder_Q12	load_q12bsp_file	?load_q12bsp_file@IVP_SurfaceBuilder_Q12@@QAEHPAD@Z	nearby-source-basis	ivp_compact_builder/ivp_surbuild_q12.cxx	The stripped file adapter restores the four neighboring Quake lumps used by physics conversion; it adds explicit file/lump bounds and element-size validation before taking ownership.
IVP_SurfaceBuilder_Q12	init_q12bsp_from_memory	?init_q12bsp_from_memory@IVP_SurfaceBuilder_Q12@@QAEXHHPAUdmodel_t@@HPAUdplane_t@@HPAUdnode_t@@HPAUdclipnode_t@@@Z	nearby-source-basis	ivp_compact_builder/ivp_surbuild_q12.cxx	The memory initializer borrows the exact public dmodel/dplane/dnode/dclipnode arrays and marks them non-owning.
IVP_SurfaceBuilder_Q12	unload_q12bsp	?unload_q12bsp@IVP_SurfaceBuilder_Q12@@QAEXXZ	nearby-source-basis	ivp_compact_builder/ivp_surbuild_q12.cxx	Disk-loaded arrays are freed; borrowed arrays are detached without deletion. Confirmed pointers and counts are cleared to prevent stale reuse.
IVP_SurfaceBuilder_Q12	convert_q12bsp_model_to_compact_ledges	?convert_q12bsp_model_to_compact_ledges@IVP_SurfaceBuilder_Q12@@QAEXHNNMPAV?$IVP_U_Vector@VIVP_Compact_Ledge@@@@@Z	nearby-source-basis	ivp_compact_builder/ivp_surbuild_q12.cxx	The stripped BSP traversal preserves X/-Z/Y plane mapping, model-boundary expansion, scaling, per-plane shrink and terminal-solid halfspace construction; final convex ledges use retained Ballance Pointsoup.
IVP_SurfaceBuilder_Q12	convert_q12bsp_model_to_single_compact_surface	?convert_q12bsp_model_to_single_compact_surface@IVP_SurfaceBuilder_Q12@@QAEPAVIVP_Compact_Surface@@HNNM@Z	nearby-source-basis	ivp_compact_builder/ivp_surbuild_q12.cxx	The stripped upper adapter inserts converted brushes into retained Ballance Ledge Soup and explicitly returns null when no valid brush was produced.
IVP_SurfaceBuilder_Q12	IVP_SurfaceBuilder_Q12	??0IVP_SurfaceBuilder_Q12@@QAE@XZ	host-test	tests/IvpRetailContactLifecycleTest.cpp	Two independent builders initialize usable memory and disk conversion workspaces on the confirmed 0x6C layout.
IVP_SurfaceBuilder_Q12	~IVP_SurfaceBuilder_Q12	??_DIVP_SurfaceBuilder_Q12@@QAEXXZ	host-test	tests/IvpRetailContactLifecycleTest.cpp	Both external-memory and disk-owning builders leave scope after exact-DLL compact allocations have been validated and released.
IVP_SurfaceBuilder_Q12	load_q12bsp_file	?load_q12bsp_file@IVP_SurfaceBuilder_Q12@@QAEHPAD@Z	host-test	tests/IvpRetailContactLifecycleTest.cpp	A generated version-30 BSP with real model, plane and node lumps loads as one model and subsequently produces collision geometry.
IVP_SurfaceBuilder_Q12	init_q12bsp_from_memory	?init_q12bsp_from_memory@IVP_SurfaceBuilder_Q12@@QAEXHHPAUdmodel_t@@HPAUdplane_t@@HPAUdnode_t@@HPAUdclipnode_t@@@Z	host-test	tests/IvpRetailContactLifecycleTest.cpp	A six-node borrowed BSP brush is accepted without copying or taking ownership of its stack arrays.
IVP_SurfaceBuilder_Q12	unload_q12bsp	?unload_q12bsp@IVP_SurfaceBuilder_Q12@@QAEXXZ	host-test	tests/IvpRetailContactLifecycleTest.cpp	Unloading borrowed data leaves the caller arrays valid and prevents a subsequent conversion; disk-owned lump arrays are also explicitly unloaded.
IVP_SurfaceBuilder_Q12	convert_q12bsp_model_to_compact_ledges	?convert_q12bsp_model_to_compact_ledges@IVP_SurfaceBuilder_Q12@@QAEXHNNMPAV?$IVP_U_Vector@VIVP_Compact_Ledge@@@@@Z	host-test	tests/IvpRetailContactLifecycleTest.cpp	A six-plane brush scaled by 0.5 and shrunk by 0.1 metres becomes one exact-Pointsoup eight-point ledge whose measured bounds are +/-0.9 on all axes.
IVP_SurfaceBuilder_Q12	convert_q12bsp_model_to_single_compact_surface	?convert_q12bsp_model_to_single_compact_surface@IVP_SurfaceBuilder_Q12@@QAEPAVIVP_Compact_Surface@@HNNM@Z	host-test	tests/IvpRetailContactLifecycleTest.cpp	The disk-loaded brush compiles through exact Ballance Ledge Soup into a compact surface whose Polygon manager enumerates one eight-point terminal ledge.
IVP_Compact_Mopp	*		layout-ida-only	tools/ivp/Inspect-IvpTypes.py	Ballance imports the complete 0x30 MOPP header field-for-field, including its MSVC 8/24 deviation-and-size bitfield and the root, ledge-array and convex-hull offsets; no hkMoppCode type or MOPP routine survives.
IVP_Compact_Mopp	byte_swap	?byte_swap@IVP_Compact_Mopp@@QAEXXZ	nearby-source-basis	havana/havok/hk_mopp/ivp_compact_mopp.hxx;ivp_surface_manager/ivp_compact_surface.cxx	The header-only MOPP format and sibling compact-surface endian body determine the MSVC-to-PowerPC 8/24 transformation; all three meaningful MOPP offsets are converted while the alignment dummy remains opaque.
IVP_Compact_Mopp	byte_swap	?byte_swap@IVP_Compact_Mopp@@QAEXXZ	host-test	tests/IvpRetailContactLifecycleTest.cpp	A synthetic confirmed-layout MOPP header independently decodes to the original floats, 0x7f/0x012345 packed fields and root/ledge/hull offsets after big-endian serialization.
IVP_Compact_Mopp	get_compact_ledge_tree_root	?get_compact_ledge_tree_root@IVP_Compact_Mopp@@QBEPBVhkMoppCode@@XZ	host-test	tests/IvpRetailContactLifecycleTest.cpp	The public inline accessor resolves a +0x30 root offset from a 16-byte-aligned confirmed-layout allocation.
IVP_Compact_Mopp	get_size	?get_size@IVP_Compact_Mopp@@QBEHXZ	host-test	tests/IvpRetailContactLifecycleTest.cpp	The public inline accessor returns the signed 24-bit 0x012345 byte size from the Ballance packed header.
IVP_Car_System_Real_Wheels	*		layout-ida-only	tools/ivp/Inspect-IvpTypes.py	The imported Ballance concrete real-wheel car is 0x450 bytes and agrees with nearby fields except that the two later powerslide actuator pointers are absent; all fields through the 0x308 debug block have fixed offsets.
IVP_Car_System_Real_Wheels	do_steering	?do_steering@IVP_Car_System_Real_Wheels@@UAEXM_N@Z	ida-virtual-variant	build-dev/ida-types-real-wheels.log	The nearby two-argument virtual is absent from Ballance's 28-slot base contract; the reconstructed override keeps the imported one-float steering slot.
IVP_Car_System_Real_Wheels	get_booster_time_to_go	?get_booster_time_to_go@IVP_Car_System_Real_Wheels@@UAEMXZ	ida-virtual-variant	build-dev/ida-types-real-wheels.log	The nearby virtual query has no Ballance base slot and is exposed only as a non-virtual inline convenience over the confirmed +0x13C timer.
IVP_Car_System_Real_Wheels	set_powerslide	?set_powerslide@IVP_Car_System_Real_Wheels@@UAEXMM@Z	retail-interface-absent	docs/zh-CN/ivp-retail-differences.md	Ballance's 0x450 object omits both powerslide actuator fields used by the nearby body and its 28-slot base omits the virtual operation, so this later API cannot be represented compatibly.
IVP_Car_System_Real_Wheels	IVP_Car_System_Real_Wheels		nearby-source-basis	C:/Users/kakut/Works/Ballance/physics_RT/ivp/ivp_controller/ivp_car_system.cxx	The stripped constructor is selectively reconstructed over the confirmed 0x450 layout, omitting only the later powerslide block whose fields are absent in Ballance.
IVP_Car_System_Real_Wheels	~IVP_Car_System_Real_Wheels		nearby-source-basis	C:/Users/kakut/Works/Ballance/physics_RT/ivp/ivp_controller/ivp_car_system.cxx	The destructor releases the owned constraint solver; actuator lifetime remains environment-managed as in the neighboring implementation.
IVP_Car_System_Real_Wheels	do_steering_wheel		nearby-source-basis	C:/Users/kakut/Works/Ballance/physics_RT/ivp/ivp_controller/ivp_car_system.cxx	Wheel target rotation and reversed-wheel correction use the confirmed constraint-object matrices and Ballance axis indices.
IVP_Car_System_Real_Wheels	change_spring_constant		nearby-source-basis	C:/Users/kakut/Works/Ballance/physics_RT/ivp/ivp_controller/ivp_car_system.cxx	The selected suspension forwards the spring constant through the retained setter ABI.
IVP_Car_System_Real_Wheels	change_spring_dampening		nearby-source-basis	C:/Users/kakut/Works/Ballance/physics_RT/ivp/ivp_controller/ivp_car_system.cxx	The selected suspension forwards rebound damping through the retained setter ABI.
IVP_Car_System_Real_Wheels	change_spring_dampening_compression		nearby-source-basis	C:/Users/kakut/Works/Ballance/physics_RT/ivp/ivp_controller/ivp_car_system.cxx	Compression damping is forwarded to the Ballance-layout Suspension tail.
IVP_Car_System_Real_Wheels	change_max_body_force		nearby-source-basis	C:/Users/kakut/Works/Ballance/physics_RT/ivp/ivp_controller/ivp_car_system.cxx	The body-side suspension impulse cap is updated on the selected wheel.
IVP_Car_System_Real_Wheels	change_spring_pre_tension		nearby-source-basis	C:/Users/kakut/Works/Ballance/physics_RT/ivp/ivp_controller/ivp_car_system.cxx	The early real-wheel implementation preserves its 500-unit construction length minus requested pretension conversion.
IVP_Car_System_Real_Wheels	change_spring_length		nearby-source-basis	C:/Users/kakut/Works/Ballance/physics_RT/ivp/ivp_controller/ivp_car_system.cxx	The selected suspension forwards its zero-force length through the retained setter ABI.
IVP_Car_System_Real_Wheels	change_stabilizer_constant		nearby-source-basis	C:/Users/kakut/Works/Ballance/physics_RT/ivp/ivp_controller/ivp_car_system.cxx	The selected axle forwards its stabilizer constant to the compatible four-point actuator.
IVP_Car_System_Real_Wheels	change_fast_turn_factor		nearby-source-basis	C:/Users/kakut/Works/Ballance/physics_RT/ivp/ivp_controller/ivp_car_system.cxx	The steering feedback factor is stored at the confirmed +0x130 field.
IVP_Car_System_Real_Wheels	change_wheel_torque		nearby-source-basis	C:/Users/kakut/Works/Ballance/physics_RT/ivp/ivp_controller/ivp_car_system.cxx	The selected wheel torque actuator is updated and wakes through its compatible setter.
IVP_Car_System_Real_Wheels	change_wheel_speed_dampening		nearby-source-basis	C:/Users/kakut/Works/Ballance/physics_RT/ivp/ivp_controller/ivp_car_system.cxx	The non-virtual concrete control writes the selected wheel Core speed-damping factor.
IVP_Car_System_Real_Wheels	update_body_countertorque		nearby-source-basis	C:/Users/kakut/Works/Ballance/physics_RT/ivp/ivp_controller/ivp_car_system.cxx	All wheel torques are summed with opposite sign and scaled into the body torque actuator.
IVP_Car_System_Real_Wheels	update_throttle		nearby-source-basis	C:/Users/kakut/Works/Ballance/physics_RT/ivp/ivp_controller/ivp_car_system.hxx	The early real-wheel header defines the throttle hook as an intentional inline no-op.
IVP_Car_System_Real_Wheels	change_body_downforce		nearby-source-basis	C:/Users/kakut/Works/Ballance/physics_RT/ivp/ivp_controller/ivp_car_system.cxx	The persistent body-to-static-object force actuator receives the requested downforce.
IVP_Car_System_Real_Wheels	fix_wheel		nearby-source-basis	C:/Users/kakut/Works/Ballance/physics_RT/ivp/ivp_controller/ivp_car_system.cxx	Wheel locking uses the compatible Constraint template and mirrors the constraint pointer into the solver wheel state.
IVP_Car_System_Real_Wheels	get_body_speed		nearby-source-basis	C:/Users/kakut/Works/Ballance/physics_RT/ivp/ivp_controller/ivp_car_system.cxx	Body speed is projected onto the requested column of the confirmed Core world matrix.
IVP_Car_System_Real_Wheels	get_wheel_angular_velocity		nearby-source-basis	C:/Users/kakut/Works/Ballance/physics_RT/ivp/ivp_controller/ivp_car_system.cxx	The query returns the selected torque actuator's confirmed rot_speed_out field.
IVP_Car_System_Real_Wheels	update_wheel_positions		nearby-source-basis	C:/Users/kakut/Works/Ballance/physics_RT/ivp/ivp_controller/ivp_car_system.hxx	The early real-wheel header defines graphical wheel-position update as an intentional inline no-op.
IVP_Car_System_Real_Wheels	get_orig_front_wheel_distance		nearby-source-basis	C:/Users/kakut/Works/Ballance/physics_RT/ivp/ivp_controller/ivp_car_system.cxx	Track width is read from the first two confirmed solver target matrices with the early left/right sign convention.
IVP_Car_System_Real_Wheels	get_orig_axles_distance		nearby-source-basis	C:/Users/kakut/Works/Ballance/physics_RT/ivp/ivp_controller/ivp_car_system.cxx	Wheelbase is the absolute configured forward-axis separation between front-left and rear-left solver targets.
IVP_Car_System_Real_Wheels	get_skid_info		nearby-source-basis	C:/Users/kakut/Works/Ballance/physics_RT/ivp/ivp_controller/ivp_car_system.cxx	Contact position, skid magnitude and timestamp are copied from each confirmed constraint-wheel record.
IVP_Car_System_Real_Wheels	do_steering		nearby-source-basis	C:/Users/kakut/Works/Ballance/physics_RT/ivp/ivp_controller/ivp_car_system.cxx	Ackermann front-wheel targets and speed-dependent body yaw feedback are adapted to Ballance's one-float virtual signature.
IVP_Car_System_Real_Wheels	set_booster_acceleration		nearby-source-basis	C:/Users/kakut/Works/Ballance/physics_RT/ivp/ivp_controller/ivp_car_system.cxx	Forward and gravity-cancelling force actuators are created, updated and destroyed through compatible Environment and Actuator APIs.
IVP_Car_System_Real_Wheels	activate_booster		nearby-source-basis	C:/Users/kakut/Works/Ballance/physics_RT/ivp/ivp_controller/ivp_car_system.cxx	Ignition rejects active or recharging boosts, scales thrust by gravity and initializes both confirmed timers.
IVP_Car_System_Real_Wheels	update_booster		nearby-source-basis	C:/Users/kakut/Works/Ballance/physics_RT/ivp/ivp_controller/ivp_car_system.cxx	The active and recharge timers advance independently and expired thrust deletes both transient actuators.
IVP_Car_System_Real_Wheels	get_booster_delay		nearby-source-basis	C:/Users/kakut/Works/Ballance/physics_RT/ivp/ivp_controller/ivp_car_system.cxx	The query returns the confirmed +0x140 recharge timer.
IVP_Car_System_Real_Wheels	get_booster_time_to_go		nearby-source-basis	C:/Users/kakut/Works/Ballance/physics_RT/ivp/ivp_controller/ivp_car_system.hxx	The non-virtual compatibility query returns the confirmed +0x13C active timer without adding a Ballance vtable slot.
IVP_Car_System_Real_Wheels	SetCarSystemDebugData		nearby-source-basis	C:/Users/kakut/Works/Ballance/physics_RT/ivp/ivp_controller/ivp_car_system.cxx	The neighboring concrete body is intentionally empty; no invented copy semantics are assigned to Ballance's embedded debug block.
IVP_Car_System_Real_Wheels	GetCarSystemDebugData		nearby-source-basis	C:/Users/kakut/Works/Ballance/physics_RT/ivp/ivp_controller/ivp_car_system.cxx	The neighboring concrete body is intentionally empty; caller output is left unchanged.
IVP_Car_System_Real_Wheels	IVP_Car_System_Real_Wheels		host-test	tests/IvpCarGeometryTest.cpp	A complete four-wheel Ballance-layout car builds its solver, four suspensions, five torques, two stabilizers and persistent body forces over real Core/Object fixtures.
IVP_Car_System_Real_Wheels	~IVP_Car_System_Real_Wheels		host-test	tests/IvpCarGeometryTest.cpp	The scenario tears down all fixture actuators and verifies solver-owned wheel records detach from their cores before vehicle destruction completes.
IVP_Car_System_Real_Wheels	change_spring_constant		host-test	tests/IvpCarGeometryTest.cpp	A live front suspension changes from its per-wheel configured rate to 21000 and reads it back through the actuator.
IVP_Car_System_Real_Wheels	change_spring_dampening		host-test	tests/IvpCarGeometryTest.cpp	The same live suspension changes rebound damping independently and wakes its actuator.
IVP_Car_System_Real_Wheels	change_spring_length		host-test	tests/IvpCarGeometryTest.cpp	The live zero-force spring length changes from construction pretension to 499.25.
IVP_Car_System_Real_Wheels	change_wheel_torque		host-test	tests/IvpCarGeometryTest.cpp	Four independently assigned wheel torques participate in the body reaction calculation.
IVP_Car_System_Real_Wheels	update_body_countertorque		host-test	tests/IvpCarGeometryTest.cpp	The 810-unit wheel-torque sum and configured 0.35 factor produce exactly -283.5 body countertorque.
IVP_Car_System_Real_Wheels	do_steering_wheel		host-test	tests/IvpCarGeometryTest.cpp	A live four-wheel solver retains both configured front-wheel translations while steering rotates their target frames.
IVP_Car_System_Real_Wheels	do_steering		host-test	tests/IvpCarGeometryTest.cpp	A 0.42-radian turn uses the 1.6 track, 2.6 wheelbase and 12-unit forward speed to apply the expected 0.75-scaled yaw feedback and Ackermann outer angle.
IVP_Car_System_Real_Wheels	get_body_speed		host-test	tests/IvpCarGeometryTest.cpp	The identity-oriented 1200-mass body reports its configured 12-unit forward speed.
IVP_Car_System_Real_Wheels	get_orig_front_wheel_distance		host-test	tests/IvpCarGeometryTest.cpp	The constructed solver reports the conventional left-negative/right-positive 1.6-unit track width.
IVP_Car_System_Real_Wheels	get_orig_axles_distance		host-test	tests/IvpCarGeometryTest.cpp	The constructed solver reports the configured 2.6-unit front-to-rear wheelbase.
IVP_Car_System_Real_Wheels	get_skid_info		host-test	tests/IvpCarGeometryTest.cpp	A rear wheel's contact position, 3.25 skid magnitude and 17.5 timestamp round-trip through the public four-wheel array.
IVP_Car_System_Real_Wheels	change_body_downforce		host-test	tests/IvpCarGeometryTest.cpp	The persistent body actuator accepts and reports a 320-unit downforce.
IVP_Car_System_Real_Wheels	activate_booster		host-test	tests/IvpCarGeometryTest.cpp	A gravity-scaled 1.5-thrust ignition creates two transient force actuators with 0.8 active and 2.0 combined recharge seconds.
IVP_Car_System_Real_Wheels	update_booster		host-test	tests/IvpCarGeometryTest.cpp	Two updates reduce both timers and automatically remove thrust after the active interval expires.
IVP_Car_System_Real_Wheels	get_booster_delay		host-test	tests/IvpCarGeometryTest.cpp	The control cycle observes the recharge timer decrease from 2.0 to 1.7 seconds.
IVP_Car_System_Real_Wheels	get_booster_time_to_go		host-test	tests/IvpCarGeometryTest.cpp	The non-virtual compatibility query observes active boost time decrease from 0.8 to 0.5 seconds.
IVP_Car_System_Real_Wheels	change_spring_dampening_compression		host-test	tests/IvpCarGeometryTest.cpp	The live front suspension accepts a distinct compression-damping update and wakes its actuator through the Ballance suspension layout.
IVP_Car_System_Real_Wheels	change_max_body_force		host-test	tests/IvpCarGeometryTest.cpp	Changing the live front suspension body-force cap independently wakes the same actuator without disturbing its spring length.
IVP_Car_System_Real_Wheels	change_spring_pre_tension		host-test	tests/IvpCarGeometryTest.cpp	A 0.6-unit pretension request produces the early Real Wheels zero-force length of 499.4 before an explicit length update.
IVP_Car_System_Real_Wheels	change_stabilizer_constant		host-test	tests/IvpCarGeometryTest.cpp	Changing the front axle stabilizer constant wakes the anchored Ballance wheel object exactly once.
IVP_Car_System_Real_Wheels	change_fast_turn_factor		host-test	tests/IvpCarGeometryTest.cpp	Changing the factor from 0.75 to 0.6 is observed both in stored vehicle state and in the resulting speed-dependent body yaw correction.
IVP_Car_System_Real_Wheels	change_wheel_speed_dampening		host-test	tests/IvpCarGeometryTest.cpp	The rear-left control updates only that physical wheel Core's speed_damp_factor to 0.93.
IVP_Car_System_Real_Wheels	update_throttle		host-test	tests/IvpCarGeometryTest.cpp	The early Real Wheels throttle hook is confirmed as an intentional no-op: a requested throttle leaves four independently assigned wheel torques unchanged.
IVP_Car_System_Real_Wheels	get_wheel_angular_velocity		host-test	tests/IvpCarGeometryTest.cpp	The rear-left query returns that wheel torque actuator's -13.5 angular-speed observation rather than body or neighboring-wheel state.
IVP_Car_System_Real_Wheels	update_wheel_positions		host-test	tests/IvpCarGeometryTest.cpp	The early graphical update hook is confirmed as a no-op by preserving the rear wheel solver target after steering.
IVP_Car_System_Real_Wheels	SetCarSystemDebugData		host-test	tests/IvpCarGeometryTest.cpp	Supplying a patterned debug block to the early concrete hook leaves its paired output contract unchanged, matching the neighboring empty body.
IVP_Car_System_Real_Wheels	GetCarSystemDebugData		host-test	tests/IvpCarGeometryTest.cpp	The paired debug read preserves every byte of a sentinel output block, proving the early concrete hook does not fabricate or copy unavailable telemetry.
IVP_Car_System_Real_Wheels	fix_wheel		host-test	tests/IvpCarGeometryTest.cpp	The four-wheel control case locks the rear-right wheel with an RX-only constraint, applies the early 25% body angular-speed pre-adjustment, rejects duplicate locking, and clears both vehicle and solver references before one unregistering delete.
IVP_Template_Constraint	set_reference_object		host-test	tests/IvpCarGeometryTest.cpp	The Real Wheels handbrake template selects the physical rear-right wheel as the reference object captured by constraint creation.
IVP_Template_Constraint	set_attached_object		host-test	tests/IvpCarGeometryTest.cpp	The same handbrake template selects the 1200-mass car body as the attached object captured by constraint creation.
IVP_Template_Constraint	fix_rotation_axis		host-test	tests/IvpCarGeometryTest.cpp	The handbrake fixes exactly the wheel's X rotation axis while leaving both other rotational axes free.
IVP_Template_Constraint	free_rotation_axis		host-test	tests/IvpCarGeometryTest.cpp	The captured handbrake template confirms Y and Z rotation remain free after the X-axis lock is applied.
IVP_Template_Constraint	free_translation_axis		host-test	tests/IvpCarGeometryTest.cpp	All three translation axes remain free in the captured wheel-lock template, so the handbrake does not weld wheel position to the body.
IVP_Template_Constraint	fix_translation_axis		host-test	tests/IvpConstraintConfigurationTest.cpp	A mechanism definition independently fixes Y translation while X remains free and Z remains limited, proving the inline write targets the translation half of the six-axis table.
IVP_Template_Constraint	set_attached_fixing_point_Aos		host-test	tests/IvpConstraintConfigurationTest.cpp	An attached-object anchor of (-4,5,0.25) is copied into the embedded Aos transform and selects that owned transform rather than retaining the caller pointer.
IVP_Template_Constraint	set_attached_translation_axes_Aos		host-test	tests/IvpConstraintConfigurationTest.cpp	The attached constraint frame receives a non-identity Z rotation while preserving its translation, exercising the embedded Aos matrix ownership boundary.
IVP_Template_Constraint	set_ballsocket_Ros		host-test	tests/IvpConstraintConfigurationTest.cpp	A reference-space ball socket maps to three fixed translation dimensions and zero fixed rotation dimensions at the retained Ros boundary.
IVP_Template_Constraint	set_ballsocket_tense_Ros		host-test	tests/IvpConstraintConfigurationTest.cpp	The tense ball socket carries (-0.5,1.25,2) as the attached displacement in an identity-oriented temporary matrix while retaining the 3T/0R ball-socket dimensions.
IVP_Template_Constraint	set_ballsocket_ws		host-test	tests/IvpConstraintConfigurationTest.cpp	A world-space ball socket forwards the world anchor with three fixed translations and all rotations free.
IVP_Template_Constraint	set_cardanjoint_Ros		host-test	tests/IvpConstraintConfigurationTest.cpp	A reference-space cardan joint forwards its fixed axis and maps to three fixed translations plus one fixed rotation.
IVP_Template_Constraint	set_cardanjoint_ws		host-test	tests/IvpConstraintConfigurationTest.cpp	A world-space cardan joint preserves the caller's anchor/axis identities and maps to the expected 3T/1R constraint dimensions.
IVP_Template_Constraint	set_constraint_Ros		host-test	tests/IvpConstraintConfigurationTest.cpp	The general reference-object-space entry forwards objects, anchor, known axis, a 1T/2R dimension pair and attached displacement through the typed retail address.
IVP_Template_Constraint	set_constraint_is_relaxed		host-test	tests/IvpConstraintConfigurationTest.cpp	Relaxing a configured mechanism clears only the attached fixing-frame selector, leaving the embedded storage caller-owned by the template.
IVP_Template_Constraint	set_constraint_ws		host-test	tests/IvpConstraintConfigurationTest.cpp	The general world-space entry forwards objects, anchor, known axis, a 2T/1R dimension pair and attached displacement through the typed retail address.
IVP_Template_Constraint	set_fixed		host-test	tests/IvpConstraintConfigurationTest.cpp	A fixed Ballance mechanism maps to the world-space retained builder with all three translation and all three rotation dimensions fixed.
IVP_Template_Constraint	set_fixing_point_Ros		host-test	tests/IvpConstraintConfigurationTest.cpp	A (1,-2,3.5) reference anchor is copied into the embedded Ros transform and selects that owned transform instead of retaining the temporary point.
IVP_Template_Constraint	set_hinge_Ros	?set_hinge_Ros@IVP_Template_Constraint@@QAEXPAVIVP_Real_Object@@PBVIVP_U_Point@@10@Z	host-test	tests/IvpConstraintConfigurationTest.cpp	The unrestricted reference-space hinge maps its anchor and free axis to the retained 3T/2R builder contract.
IVP_Template_Constraint	set_hinge_Ros	?set_hinge_Ros@IVP_Template_Constraint@@QAEXPAVIVP_Real_Object@@PBVIVP_U_Point@@10MM@Z	host-test	tests/IvpConstraintConfigurationTest.cpp	The limited reference-space hinge keeps the 3T/2R mapping and additionally constrains rotation Z to [-0.4,0.6].
IVP_Template_Constraint	set_hinge_ws		host-test	tests/IvpConstraintConfigurationTest.cpp	A world-space hinge forwards its free axis and maps to three fixed translations and two fixed rotations.
IVP_Template_Constraint	set_max_rotation_impulse	?set_max_rotation_impulse@IVP_Template_Constraint@@QAEXW4IVP_CONSTRAINT_FORCE_EXCEED@@M@Z	host-test	tests/IvpConstraintConfigurationTest.cpp	The all-axis overload assigns BEND/30 to RX, RY and RZ without modifying translation policy.
IVP_Template_Constraint	set_max_rotation_impulse	?set_max_rotation_impulse@IVP_Template_Constraint@@QAEXW4IVP_COORDINATE_INDEX@@W4IVP_CONSTRAINT_FORCE_EXCEED@@M@Z	host-test	tests/IvpConstraintConfigurationTest.cpp	The indexed overload changes only RZ to BREAK/7.5, proving the required +3 rotation-axis offset.
IVP_Template_Constraint	set_max_translation_impulse	?set_max_translation_impulse@IVP_Template_Constraint@@QAEXW4IVP_CONSTRAINT_FORCE_EXCEED@@M@Z	host-test	tests/IvpConstraintConfigurationTest.cpp	The all-axis overload assigns BREAK/80 to TX, TY and TZ without modifying rotational policy.
IVP_Template_Constraint	set_max_translation_impulse	?set_max_translation_impulse@IVP_Template_Constraint@@QAEXW4IVP_COORDINATE_INDEX@@W4IVP_CONSTRAINT_FORCE_EXCEED@@M@Z	host-test	tests/IvpConstraintConfigurationTest.cpp	The indexed overload changes only TY to CLIP/12 after the bulk assignment.
IVP_Template_Constraint	set_orientation		host-test	tests/IvpConstraintConfigurationTest.cpp	Orientation-only coupling maps to the world-space retained builder with translations free and all three rotations fixed.
IVP_Template_Constraint	set_rotation_axes_Ros		host-test	tests/IvpConstraintConfigurationTest.cpp	A non-identity X rotation is copied into the dedicated embedded rotation frame and activates its pointer selector.
IVP_Template_Constraint	set_rotation_axes_as_translation_axes		host-test	tests/IvpConstraintConfigurationTest.cpp	Selecting shared rotation/translation axes clears the dedicated rotation-frame selector as required by the early template representation.
IVP_Template_Constraint	set_stiffness_for_limited_axis		host-test	tests/IvpConstraintConfigurationTest.cpp	Limited-axis stiffness is independently changed from the retail default 0.3 to 0.65 without disturbing axis bounds or impulse policy.
IVP_Template_Constraint	set_translation_axes_Ros		host-test	tests/IvpConstraintConfigurationTest.cpp	A non-identity Z rotation is copied into the embedded reference fixing frame and activates its pointer selector.
IVP_Template_Constraint	set_translation_axes_as_object_space		host-test	tests/IvpConstraintConfigurationTest.cpp	Selecting reference object space clears the translation-frame selector after a non-identity frame had been installed.
IVP_Constraint	IVP_Constraint	??0IVP_Constraint@@QAE@XZ	retail-constructor-reconstruction	docs/zh-CN/ivp-retail-differences.md	Direct construction enters complete RVA 0x375B0 over union-held inline-vector storage. Local complete construction receives a storage-only Constraint base and invokes the same body internally; the resolver-free fallback reproduces capacity/count/inline storage and enabled state once.
IVP_Constraint_Local	IVP_Constraint_Local	??0IVP_Constraint_Local@@QAE@ABVIVP_Template_Constraint@@@Z	retail-constructor-reconstruction	docs/zh-CN/ivp-retail-differences.md	The public and raw-factory paths both enter complete RVA 0x28270. Storage-only Constraint/anchor/mapping members leave its nested base, two Anchor, identity mapping, initializer and activation sequence exclusively to the DLL; the no-resolver fallback mirrors the same chain.
IVP_Constraint	IVP_Constraint	??0IVP_Constraint@@QAE@XZ	host-test	tests/IvpConstraintConfigurationTest.cpp	The complete Local-constructor adapter calls the Constraint constructor exactly once and establishes the inline two-Core vector before the retained initializer is simulated.
IVP_Constraint_Local	IVP_Constraint_Local	??0IVP_Constraint_Local@@QAE@ABVIVP_Template_Constraint@@@Z	host-test	tests/IvpConstraintConfigurationTest.cpp	Both direct public construction and the raw factory enter the same complete constructor adapter; each performs one base construction, two Anchor constructions, two identity mappings, one initializer and one activation before unregistering once.
IVP_Constraint	create_constraint_any_solver	?create_constraint_any_solver@IVP_Constraint@@SAPAV1@PAVIVP_Template_Constraint@@@Z	host-test	tests/IvpConstraintConfigurationTest.cpp	The raw factory rejects null and objectless templates, while a two-object mechanism allocates one 0x190 Local object, enters the retained complete-constructor route and returns matching reference/attached objects.
P_List	*		layout-not-applicable	ivp_utility/ivu_list.hxx	The public template is header-only and has no retained Ballance body; its two-field x86 layout is guarded on a concrete specialization.
P_String	*		layout-not-applicable	ivp_utility/ivu_string.hxx	The static-only utility has no instance state or retained Ballance body.
P_String	find_string	?find_string@P_String@@SAPBDPBD0H@Z	nearby-source-basis	ivp_utility/ivu_string.cxx	The nearby implementation defines exact, ASCII-folded and question-mark substring modes without engine-owned state.
P_String	string_cmp	?string_cmp@P_String@@SAHPBD0W4IVP_BOOL@@@Z	nearby-source-basis	ivp_utility/ivu_string.cxx	The nearby implementation defines star/question-mark matching and the IVP_BOOL case-fold switch.
P_String	uppercase	?uppercase@P_String@@SAXPAD@Z	nearby-source-basis	ivp_utility/ivu_string.cxx	The nearby implementation performs the historical in-place ASCII lowercase-to-uppercase conversion.
P_List	P_List		host-test	tests/IvpPublicUtilityWorkflowTest.cpp	A controller-list specialization starts empty with the expected two-field state.
P_List	insert		host-test	tests/IvpPublicUtilityWorkflowTest.cpp	Two controller nodes establish head order, next/previous links and length.
P_List	remove		host-test	tests/IvpPublicUtilityWorkflowTest.cpp	Removing the head repairs the surviving node's backlink and list length.
P_String	find_string	?find_string@P_String@@SAPBDPBD0H@Z	host-test	tests/IvpPublicUtilityWorkflowTest.cpp	A Ballance surface name is found through case folding and question-mark wildcards.
P_String	string_cmp	?string_cmp@P_String@@SAHPBD0W4IVP_BOOL@@@Z	host-test	tests/IvpPublicUtilityWorkflowTest.cpp	A controller identifier matches a mixed star/question-mark pattern with case folding.
P_String	uppercase	?uppercase@P_String@@SAXPAD@Z	host-test	tests/IvpPublicUtilityWorkflowTest.cpp	A material name is converted in place using the reconstructed ASCII behavior.
IVP_SurfaceBuilder_Mopp	*		layout-not-applicable	physics_RT.dll	Ballance omits the optional Havok MOPP builder class, all of its methods, and any corresponding object layout.
IVP_SurfaceManager_Mopp	*		layout-not-applicable	physics_RT.dll	Ballance omits the optional Havok MOPP surface-manager class, vtable, methods, and compact-MOPP ownership contract.
IVP_SurfaceBuilder_Mopp	IVP_SurfaceBuilder_Mopp	??0IVP_SurfaceBuilder_Mopp@@QAE@XZ	retail-interface-absent	physics_RT.dll	The optional MOPP builder has no constructor, class body, or use in the Ballance retail image.
IVP_SurfaceBuilder_Mopp	compile	?compile@IVP_SurfaceBuilder_Mopp@@QAEPAVIVP_Compact_Mopp@@PAVIVP_Template_Surbuild_Ledgesoup@@@Z	retail-interface-absent	physics_RT.dll	Ballance has no MOPP compiler body or compact-MOPP representation to receive its result.
IVP_SurfaceBuilder_Mopp	insert_ledge	?insert_ledge@IVP_SurfaceBuilder_Mopp@@QAEXPAVIVP_Compact_Ledge@@@Z	retail-interface-absent	physics_RT.dll	The optional MOPP builder and its ledge accumulator are absent from Ballance.
IVP_SurfaceBuilder_Mopp	~IVP_SurfaceBuilder_Mopp	??_DIVP_SurfaceBuilder_Mopp@@QAEXXZ	retail-interface-absent	physics_RT.dll	No MOPP builder lifetime or destructor route exists in Ballance.
IVP_SurfaceManager_Mopp	IVP_SurfaceManager_Mopp	??0IVP_SurfaceManager_Mopp@@QAE@PBVIVP_Compact_Mopp@@@Z	retail-interface-absent	physics_RT.dll	No compact-MOPP object layout or manager constructor exists in Ballance.
IVP_SurfaceManager_Mopp	add_reference_to_ledge	?add_reference_to_ledge@IVP_SurfaceManager_Mopp@@UAEXPBVIVP_Compact_Ledge@@@Z	retail-interface-absent	physics_RT.dll	The complete MOPP surface-manager vtable is absent from Ballance.
IVP_SurfaceManager_Mopp	get_all_ledges_within_radius	?get_all_ledges_within_radius@IVP_SurfaceManager_Mopp@@UAEXPBVIVP_U_Point@@NPBVIVP_Compact_Ledge@@PAVIVP_Real_Object@@1PAV?$IVP_U_BigVector@VIVP_Compact_Ledge@@@@@Z	retail-interface-absent	physics_RT.dll	The complete MOPP surface-manager vtable is absent from Ballance.
IVP_SurfaceManager_Mopp	get_all_terminal_ledges	?get_all_terminal_ledges@IVP_SurfaceManager_Mopp@@UAEXPAV?$IVP_U_BigVector@VIVP_Compact_Ledge@@@@@Z	retail-interface-absent	physics_RT.dll	The complete MOPP surface-manager vtable is absent from Ballance.
IVP_SurfaceManager_Mopp	get_compact_mopp	?get_compact_mopp@IVP_SurfaceManager_Mopp@@QBEPBVIVP_Compact_Mopp@@XZ	retail-interface-absent	physics_RT.dll	Ballance exposes no compact-MOPP representation or storage field.
IVP_SurfaceManager_Mopp	get_mass_center	?get_mass_center@IVP_SurfaceManager_Mopp@@UBEXPAVIVP_U_Float_Point@@@Z	retail-interface-absent	physics_RT.dll	The complete MOPP surface-manager vtable is absent from Ballance.
IVP_SurfaceManager_Mopp	get_radius_and_radius_dev_to_given_center	?get_radius_and_radius_dev_to_given_center@IVP_SurfaceManager_Mopp@@UBEXPBVIVP_U_Float_Point@@PAM1@Z	retail-interface-absent	physics_RT.dll	The complete MOPP surface-manager vtable is absent from Ballance.
IVP_SurfaceManager_Mopp	get_rotation_inertia	?get_rotation_inertia@IVP_SurfaceManager_Mopp@@UBEXPAVIVP_U_Float_Point@@@Z	retail-interface-absent	physics_RT.dll	The complete MOPP surface-manager vtable is absent from Ballance.
IVP_SurfaceManager_Mopp	get_single_convex	?get_single_convex@IVP_SurfaceManager_Mopp@@UBEPBVIVP_Compact_Ledge@@XZ	retail-interface-absent	physics_RT.dll	The complete MOPP surface-manager vtable is absent from Ballance.
IVP_SurfaceManager_Mopp	get_type	?get_type@IVP_SurfaceManager_Mopp@@UAE?AW4IVP_SURMAN_TYPE@@XZ	retail-interface-absent	physics_RT.dll	Ballance has no MOPP surface-manager vtable slot or supported surface-manager type for this backend.
IVP_SurfaceManager_Mopp	insert_all_ledges_hitting_ray	?insert_all_ledges_hitting_ray@IVP_SurfaceManager_Mopp@@UAEXPAVIVP_Ray_Solver@@PAVIVP_Real_Object@@@Z	retail-interface-absent	physics_RT.dll	The complete MOPP surface-manager vtable is absent from Ballance.
IVP_SurfaceManager_Mopp	remove_reference_to_ledge	?remove_reference_to_ledge@IVP_SurfaceManager_Mopp@@UAEXPBVIVP_Compact_Ledge@@@Z	retail-interface-absent	physics_RT.dll	The complete MOPP surface-manager vtable is absent from Ballance.
IVP_SurfaceManager_Mopp	~IVP_SurfaceManager_Mopp	??_DIVP_SurfaceManager_Mopp@@QAEXXZ	retail-interface-absent	physics_RT.dll	No MOPP surface-manager lifetime or deleting-destructor route exists in Ballance.
